CustomerID,Total_Spending,Total_Orders,Total_Products,Average_Order_Value,Recency,Frequency,Monetary,Cluster,Customer_Segment
12346.0,77183.6,1,74215,77183.6,325,1,77183.6,3,Regular Customers
12347.0,4310.0,7,2458,615.7142857142857,1,7,4310.0,0,Occasional Customers
12348.0,1797.24,4,2341,449.31,74,4,1797.24,0,Occasional Customers
12349.0,1757.55,1,631,1757.55,18,1,1757.55,0,Occasional Customers
12350.0,334.4,1,197,334.4,309,1,334.4,1,Low Value Customers
12352.0,2506.04,8,536,313.255,35,8,2506.04,0,Occasional Customers
12353.0,89.0,1,20,89.0,203,1,89.0,1,Low Value Customers
12354.0,1079.4,1,530,1079.4,231,1,1079.4,1,Low Value Customers
12355.0,459.4,1,240,459.4,213,1,459.4,1,Low Value Customers
12356.0,2811.43,3,1591,937.1433333333333,22,3,2811.43,0,Occasional Customers
12357.0,6207.67,1,2708,6207.67,32,1,6207.67,0,Occasional Customers
12358.0,1168.06,2,248,584.03,1,2,1168.06,0,Occasional Customers
12359.0,6310.03,4,1609,1577.5075,57,4,6310.03,0,Occasional Customers
12360.0,2662.06,3,1165,887.3533333333334,51,3,2662.06,0,Occasional Customers
12361.0,189.9,1,91,189.9,286,1,189.9,1,Low Value Customers
12362.0,5226.23,10,2229,522.6229999999999,2,10,5226.23,0,Occasional Customers
12363.0,552.0,2,408,276.0,109,2,552.0,0,Occasional Customers
12364.0,1313.1,4,1506,328.275,7,4,1313.1,0,Occasional Customers
12365.0,641.38,2,174,320.69,290,2,641.38,1,Low Value Customers
12367.0,168.9,1,173,168.9,3,1,168.9,0,Occasional Customers
12370.0,3541.94,4,2352,885.485,50,4,3541.94,0,Occasional Customers
12371.0,1887.96,2,591,943.98,44,2,1887.96,0,Occasional Customers
12372.0,1298.04,3,794,432.68,71,3,1298.04,0,Occasional Customers
12373.0,364.6,1,197,364.6,310,1,364.6,1,Low Value Customers
12374.0,742.9300000000001,1,342,742.9300000000001,24,1,742.9300000000001,0,Occasional Customers
12375.0,457.5,2,178,228.75,10,2,457.5,0,Occasional Customers
12377.0,1628.12,2,944,814.06,314,2,1628.12,1,Low Value Customers
12378.0,4008.62,1,2529,4008.62,129,1,4008.62,0,Occasional Customers
12379.0,852.24,2,407,426.12,81,2,852.24,0,Occasional Customers
12380.0,2724.81,4,1127,681.2025,21,4,2724.81,0,Occasional Customers
12381.0,1845.31,5,808,369.062,4,5,1845.31,0,Occasional Customers
12383.0,1850.56,5,1532,370.11199999999997,184,5,1850.56,1,Low Value Customers
12384.0,585.27,2,126,292.635,28,2,585.27,0,Occasional Customers
12386.0,401.9,2,354,200.95,337,2,401.9,1,Low Value Customers
12388.0,2780.66,6,1462,463.4433333333333,15,6,2780.66,0,Occasional Customers
12390.0,549.84,1,353,549.84,79,1,549.84,0,Occasional Customers
12391.0,439.66,1,293,439.66,21,1,439.66,0,Occasional Customers
12393.0,1582.6000000000001,4,816,395.65000000000003,71,4,1582.6000000000001,0,Occasional Customers
12394.0,1272.48,2,819,636.24,63,2,1272.48,0,Occasional Customers
12395.0,3018.63,12,2118,251.5525,18,12,3018.63,0,Occasional Customers
12397.0,2409.9,2,1263,1204.95,35,2,2409.9,0,Occasional Customers
12398.0,1635.6599999999999,1,1394,1635.6599999999999,45,1,1635.6599999999999,0,Occasional Customers
12399.0,1108.65,4,1178,277.1625,118,4,1108.65,0,Occasional Customers
12401.0,84.3,1,11,84.3,302,1,84.3,1,Low Value Customers
12402.0,225.6,1,94,225.6,322,1,225.6,1,Low Value Customers
12403.0,427.7,1,96,427.7,49,1,427.7,0,Occasional Customers
12405.0,1710.39,1,857,1710.39,148,1,1710.39,1,Low Value Customers
12406.0,3415.3,2,1818,1707.65,21,2,3415.3,0,Occasional Customers
12407.0,1708.1200000000001,5,1416,341.624,49,5,1708.1200000000001,0,Occasional Customers
12408.0,2888.55,5,1409,577.71,32,5,2888.55,0,Occasional Customers
12409.0,11072.67,3,5551,3690.89,78,3,11072.67,0,Occasional Customers
12410.0,693.3299999999999,2,211,346.66499999999996,308,2,693.3299999999999,1,Low Value Customers
12412.0,1226.88,3,829,408.96000000000004,74,3,1226.88,0,Occasional Customers
12413.0,758.1,3,286,252.70000000000002,66,3,758.1,0,Occasional Customers
12414.0,562.41,3,300,187.47,216,3,562.41,1,Low Value Customers
12415.0,124914.53,21,77374,5948.310952380953,23,21,124914.53,2,VIP Customers
12417.0,3649.1,9,1552,405.4555555555555,2,9,3649.1,0,Occasional Customers
12418.0,668.58,1,407,668.58,112,1,668.58,0,Occasional Customers
12420.0,600.39,1,345,600.39,63,1,600.39,0,Occasional Customers
12421.0,807.04,4,484,201.76,15,4,807.04,0,Occasional Customers
12422.0,803.5600000000001,3,370,267.85333333333335,95,3,803.5600000000001,0,Occasional Customers
12423.0,1859.31,8,1339,232.41375,0,8,1859.31,0,Occasional Customers
12424.0,1760.96,2,740,880.48,162,2,1760.96,1,Low Value Customers
12425.0,777.2,1,496,777.2,77,1,777.2,0,Occasional Customers
12426.0,582.73,1,258,582.73,194,1,582.73,1,Low Value Customers
12427.0,825.8,3,533,275.26666666666665,21,3,825.8,0,Occasional Customers
12428.0,7956.46,9,3536,884.0511111111111,25,9,7956.46,0,Occasional Customers
12429.0,3750.4,4,1557,937.6,8,4,3750.4,0,Occasional Customers
12430.0,256.4,1,117,256.4,42,1,256.4,0,Occasional Customers
12431.0,6419.95,15,2896,427.99666666666667,35,15,6419.95,3,Regular Customers
12432.0,5059.32,5,1801,1011.8639999999999,42,5,5059.32,0,Occasional Customers
12433.0,13375.87,7,11071,1910.8385714285716,0,7,13375.87,0,Occasional Customers
12434.0,806.14,2,394,403.07,84,2,806.14,0,Occasional Customers
12435.0,7829.89,2,2055,3914.945,79,2,7829.89,0,Occasional Customers
12436.0,509.01,1,211,509.01,99,1,509.01,0,Occasional Customers
12437.0,4951.41,18,2922,275.0783333333333,1,18,4951.41,3,Regular Customers
12438.0,2906.85,2,1180,1453.425,13,2,2906.85,0,Occasional Customers
12441.0,173.55,1,121,173.55,366,1,173.55,1,Low Value Customers
12442.0,172.06,1,182,172.06,2,1,172.06,0,Occasional Customers
12444.0,5005.46,5,1153,1001.092,20,5,5005.46,0,Occasional Customers
12445.0,133.4,1,62,133.4,21,1,133.4,0,Occasional Customers
12446.0,1002.3100000000001,1,351,1002.3100000000001,57,1,1002.3100000000001,0,Occasional Customers
12447.0,476.49,1,190,476.49,242,1,476.49,1,Low Value Customers
12448.0,449.45,1,243,449.45,43,1,449.45,0,Occasional Customers
12449.0,4067.29,4,1553,1016.8225,21,4,4067.29,0,Occasional Customers
12450.0,197.88,2,128,98.94,155,2,197.88,1,Low Value Customers
12451.0,9035.52,5,6575,1807.104,10,5,9035.52,0,Occasional Customers
12452.0,430.57,2,185,215.285,16,2,430.57,0,Occasional Customers
12453.0,707.09,1,473,707.09,133,1,707.09,0,Occasional Customers
12454.0,3528.34,1,1006,3528.34,55,1,3528.34,0,Occasional Customers
12455.0,2466.86,6,2089,411.1433333333334,72,6,2466.86,0,Occasional Customers
12456.0,3181.04,3,1633,1060.3466666666666,43,3,3181.04,0,Occasional Customers
12457.0,2363.23,7,843,337.6042857142857,65,7,2363.23,0,Occasional Customers
12458.0,947.4,2,506,473.7,70,2,947.4,0,Occasional Customers
12461.0,826.88,2,287,413.44,93,2,826.88,0,Occasional Customers
12462.0,1189.59,2,536,594.795,18,2,1189.59,0,Occasional Customers
12463.0,1344.78,4,776,336.195,52,4,1344.78,0,Occasional Customers
12464.0,1212.05,8,112,151.50625,9,8,1212.05,0,Occasional Customers
12465.0,742.1899999999999,2,479,371.09499999999997,16,2,742.1899999999999,0,Occasional Customers
12468.0,729.5400000000001,2,366,364.77000000000004,187,2,729.5400000000001,1,Low Value Customers
12471.0,19788.65,30,8200,659.6216666666667,1,30,19788.65,3,Regular Customers
12472.0,6572.11,7,4148,938.8728571428571,31,7,6572.11,0,Occasional Customers
12473.0,3928.0499999999997,5,2414,785.6099999999999,28,5,3928.0499999999997,0,Occasional Customers
12474.0,7324.09,18,4833,406.8938888888889,16,18,7324.09,3,Regular Customers
12475.0,723.38,1,535,723.38,53,1,723.38,0,Occasional Customers
12476.0,6816.42,11,2408,619.6745454545454,15,11,6816.42,0,Occasional Customers
12477.0,13219.74,6,3653,2203.29,22,6,13219.74,0,Occasional Customers
12478.0,680.99,1,236,680.99,3,1,680.99,0,Occasional Customers
12479.0,527.2,1,385,527.2,10,1,527.2,0,Occasional Customers
12480.0,3281.63,4,1707,820.4075,27,4,3281.63,0,Occasional Customers
12481.0,5579.82,10,3294,557.982,22,10,5579.82,0,Occasional Customers
12483.0,2484.98,8,1110,310.6225,16,8,2484.98,0,Occasional Customers
12484.0,4527.32,6,2187,754.5533333333333,32,6,4527.32,0,Occasional Customers
12488.0,1298.66,3,529,432.8866666666667,9,3,1298.66,0,Occasional Customers
12489.0,334.93,1,105,334.93,335,1,334.93,1,Low Value Customers
12490.0,5417.93,10,3064,541.793,4,10,5417.93,0,Occasional Customers
12491.0,460.40000000000003,1,260,460.40000000000003,38,1,460.40000000000003,0,Occasional Customers
12492.0,263.21000000000004,2,192,131.60500000000002,62,2,263.21000000000004,0,Occasional Customers
12493.0,433.74,2,207,216.87,165,2,433.74,1,Low Value Customers
12494.0,1246.1000000000001,7,707,178.01428571428573,15,7,1246.1000000000001,0,Occasional Customers
12497.0,1043.1,1,1236,1043.1,81,1,1043.1,0,Occasional Customers
12498.0,403.70000000000005,3,159,134.5666666666667,20,3,403.70000000000005,0,Occasional Customers
12500.0,4257.82,11,2678,387.07454545454544,22,11,4257.82,0,Occasional Customers
12501.0,2169.39,1,1783,2169.39,336,1,2169.39,1,Low Value Customers
12502.0,3723.87,5,820,744.774,95,5,3723.87,0,Occasional Customers
12504.0,482.04999999999995,2,90,241.02499999999998,17,2,482.04999999999995,0,Occasional Customers
12506.0,73.5,1,23,73.5,232,1,73.5,1,Low Value Customers
12507.0,1304.81,3,894,434.93666666666667,133,3,1304.81,0,Occasional Customers
12508.0,397.88,2,271,198.94,25,2,397.88,0,Occasional Customers
12509.0,176.5,1,55,176.5,283,1,176.5,1,Low Value Customers
12510.0,982.5699999999999,2,353,491.28499999999997,142,2,982.5699999999999,0,Occasional Customers
12512.0,132.18,2,96,66.09,65,2,132.18,0,Occasional Customers
12513.0,612.29,1,462,612.29,112,1,612.29,0,Occasional Customers
12514.0,1017.68,1,440,1017.68,266,1,1017.68,1,Low Value Customers
12515.0,383.7,1,131,383.7,352,1,383.7,1,Low Value Customers
12516.0,1312.06,2,875,656.03,77,2,1312.06,0,Occasional Customers
12517.0,2481.6,5,1361,496.32,27,5,2481.6,0,Occasional Customers
12518.0,2056.89,5,1318,411.378,0,5,2056.89,0,Occasional Customers
12519.0,330.84,1,175,330.84,63,1,330.84,0,Occasional Customers
12520.0,2634.26,5,1439,526.8520000000001,78,5,2634.26,0,Occasional Customers
12521.0,599.68,1,309,599.68,142,1,599.68,1,Low Value Customers
12522.0,192.72,2,194,96.36,38,2,192.72,0,Occasional Customers
12523.0,1789.77,11,865,162.70636363636365,18,11,1789.77,0,Occasional Customers
12524.0,4485.72,8,3699,560.715,8,8,4485.72,0,Occasional Customers
12526.0,1316.66,3,632,438.8866666666667,0,3,1316.66,0,Occasional Customers
12527.0,348.71000000000004,3,234,116.23666666666668,81,3,348.71000000000004,0,Occasional Customers
12528.0,1933.48,6,756,322.24666666666667,8,6,1933.48,0,Occasional Customers
12530.0,1662.28,4,913,415.57,59,4,1662.28,0,Occasional Customers
12531.0,125.22,1,45,125.22,14,1,125.22,0,Occasional Customers
12532.0,349.83000000000004,1,153,349.83000000000004,29,1,349.83000000000004,0,Occasional Customers
12534.0,1089.18,1,651,1089.18,130,1,1089.18,0,Occasional Customers
12535.0,716.35,2,219,358.175,91,2,716.35,0,Occasional Customers
12536.0,12601.830000000002,3,2803,4200.610000000001,42,3,12601.830000000002,0,Occasional Customers
12538.0,363.95,1,191,363.95,28,1,363.95,0,Occasional Customers
12539.0,5568.35,4,2067,1392.0875,21,4,5568.35,0,Occasional Customers
12540.0,13400.24,17,6685,788.2494117647059,19,17,13400.24,3,Regular Customers
12541.0,981.18,3,680,327.06,29,3,981.18,0,Occasional Customers
12544.0,372.7,1,136,372.7,35,1,372.7,0,Occasional Customers
12545.0,1000.39,2,523,500.195,74,2,1000.39,0,Occasional Customers
12546.0,1161.5,2,633,580.75,46,2,1161.5,0,Occasional Customers
12547.0,207.79999999999998,2,134,103.89999999999999,197,2,207.79999999999998,1,Low Value Customers
12548.0,95.19999999999999,1,49,95.19999999999999,165,1,95.19999999999999,1,Low Value Customers
12550.0,964.83,1,569,964.83,78,1,964.83,0,Occasional Customers
12551.0,168.0,1,100,168.0,357,1,168.0,1,Low Value Customers
12552.0,437.82,2,88,218.91,38,2,437.82,0,Occasional Customers
12553.0,3692.28,10,1965,369.228,7,10,3692.28,0,Occasional Customers
12556.0,599.56,2,355,299.78,49,2,599.56,0,Occasional Customers
12557.0,11990.960000000001,5,4384,2398.192,15,5,11990.960000000001,0,Occasional Customers
12558.0,269.96,1,196,269.96,7,1,269.96,0,Occasional Customers
12559.0,561.71,2,283,280.855,310,2,561.71,1,Low Value Customers
12560.0,2134.01,3,1110,711.3366666666667,4,3,2134.01,0,Occasional Customers
12561.0,238.85,1,177,238.85,302,1,238.85,1,Low Value Customers
12562.0,3781.7400000000002,7,1779,540.2485714285715,7,7,3781.7400000000002,0,Occasional Customers
12564.0,456.9,1,133,456.9,260,1,456.9,1,Low Value Customers
12565.0,145.92,1,80,145.92,288,1,145.92,1,Low Value Customers
12566.0,351.65,1,265,351.65,85,1,351.65,0,Occasional Customers
12567.0,9401.28,10,4305,940.128,22,10,9401.28,0,Occasional Customers
12569.0,4124.69,32,1801,128.8965625,1,32,4124.69,3,Regular Customers
12571.0,519.61,2,523,259.805,39,2,519.61,0,Occasional Customers
12572.0,1020.42,2,452,510.21,8,2,1020.42,0,Occasional Customers
12573.0,160.54000000000002,1,84,160.54000000000002,226,1,160.54000000000002,1,Low Value Customers
12574.0,218.45,1,61,218.45,315,1,218.45,1,Low Value Customers
12576.0,1315.83,5,967,263.166,35,5,1315.83,0,Occasional Customers
12577.0,626.6,3,469,208.86666666666667,34,3,626.6,0,Occasional Customers
12578.0,2794.51,2,1196,1397.255,20,2,2794.51,0,Occasional Customers
12579.0,440.42,1,285,440.42,77,1,440.42,0,Occasional Customers
12580.0,415.7,1,238,415.7,246,1,415.7,1,Low Value Customers
12581.0,197.71,1,161,197.71,39,1,197.71,0,Occasional Customers
12582.0,511.36,2,300,255.68,238,2,511.36,1,Low Value Customers
12583.0,7281.38,15,5060,485.42533333333336,2,15,7281.38,3,Regular Customers
12584.0,2338.15,9,416,259.7944444444445,3,9,2338.15,0,Occasional Customers
12585.0,2040.1,2,1279,1020.05,233,2,2040.1,1,Low Value Customers
12586.0,196.94000000000003,1,79,196.94000000000003,16,1,196.94000000000003,0,Occasional Customers
12587.0,144.0,1,51,144.0,7,1,144.0,0,Occasional Customers
12588.0,214.89999999999998,1,53,214.89999999999998,38,1,214.89999999999998,0,Occasional Customers
12589.0,646.68,2,306,323.34,28,2,646.68,0,Occasional Customers
12590.0,9864.26,2,4283,4932.13,210,2,9864.26,1,Low Value Customers
12591.0,452.84999999999997,1,228,452.84999999999997,316,1,452.84999999999997,1,Low Value Customers
12592.0,437.6,2,290,218.8,91,2,437.6,0,Occasional Customers
12593.0,418.09999999999997,3,206,139.36666666666665,108,3,418.09999999999997,0,Occasional Customers
12594.0,3338.2200000000003,10,1777,333.822,37,10,3338.2200000000003,0,Occasional Customers
12596.0,618.27,2,474,309.135,50,2,618.27,0,Occasional Customers
12597.0,3811.22,4,2236,952.805,18,4,3811.22,0,Occasional Customers
12598.0,3023.08,8,1964,377.885,9,8,3023.08,0,Occasional Customers
12599.0,1032.58,7,956,147.51142857142855,28,7,1032.58,0,Occasional Customers
12600.0,2599.04,10,774,259.904,28,10,2599.04,0,Occasional Customers
12601.0,577.0600000000001,5,245,115.412,189,5,577.0600000000001,1,Low Value Customers
12602.0,153.12,1,162,153.12,58,1,153.12,0,Occasional Customers
12603.0,739.1999999999999,1,63,739.1999999999999,21,1,739.1999999999999,0,Occasional Customers
12604.0,254.18,2,201,127.09,78,2,254.18,0,Occasional Customers
12607.0,1579.51,1,1228,1579.51,59,1,1579.51,0,Occasional Customers
12609.0,1126.85,3,648,375.6166666666666,77,3,1126.85,0,Occasional Customers
12610.0,2099.54,5,1049,419.908,22,5,2099.54,0,Occasional Customers
12611.0,1193.32,1,846,1193.32,51,1,1193.32,0,Occasional Customers
12612.0,704.0400000000001,1,262,704.0400000000001,73,1,704.0400000000001,0,Occasional Customers
12613.0,3344.38,5,1644,668.876,56,5,3344.38,0,Occasional Customers
12614.0,315.6,1,76,315.6,277,1,315.6,1,Low Value Customers
12615.0,2291.19,4,1376,572.7975,1,4,2291.19,0,Occasional Customers
12616.0,713.3,2,284,356.65,94,2,713.3,0,Occasional Customers
12617.0,352.98,1,210,352.98,28,1,352.98,0,Occasional Customers
12618.0,177.31,1,96,177.31,21,1,177.31,0,Occasional Customers
12619.0,3641.24,9,3378,404.5822222222222,15,9,3641.24,0,Occasional Customers
12620.0,1339.41,3,1181,446.47,14,3,1339.41,0,Occasional Customers
12621.0,13689.67,20,7440,684.4835,1,20,13689.67,3,Regular Customers
12622.0,180.1,1,69,180.1,231,1,180.1,1,Low Value Customers
12623.0,305.1,1,191,305.1,275,1,305.1,1,Low Value Customers
12624.0,641.13,2,355,320.565,105,2,641.13,0,Occasional Customers
12625.0,2683.82,2,1612,1341.91,211,2,2683.82,1,Low Value Customers
12626.0,6620.48,9,3453,735.6088888888888,22,9,6620.48,0,Occasional Customers
12627.0,4478.53,7,2752,639.79,10,7,4478.53,0,Occasional Customers
12628.0,786.46,3,448,262.15333333333336,3,3,786.46,0,Occasional Customers
12630.0,1270.88,2,548,635.44,9,2,1270.88,0,Occasional Customers
12631.0,640.5,1,236,640.5,56,1,640.5,0,Occasional Customers
12633.0,2163.98,4,1162,540.995,58,4,2163.98,0,Occasional Customers
12635.0,1689.18,2,1172,844.59,89,2,1689.18,0,Occasional Customers
12637.0,6002.9,8,2994,750.3625,66,8,6002.9,0,Occasional Customers
12638.0,671.69,1,577,671.69,32,1,671.69,0,Occasional Customers
12639.0,486.1,1,201,486.1,238,1,486.1,1,Low Value Customers
12640.0,1174.58,3,311,391.52666666666664,23,3,1174.58,0,Occasional Customers
12641.0,185.9,1,72,185.9,114,1,185.9,0,Occasional Customers
12642.0,1013.26,3,552,337.75333333333333,24,3,1013.26,0,Occasional Customers
12643.0,3344.64,6,1808,557.4399999999999,127,6,3344.64,0,Occasional Customers
12644.0,477.91,1,325,477.91,129,1,477.91,0,Occasional Customers
12645.0,1775.18,4,1084,443.795,33,4,1775.18,0,Occasional Customers
12646.0,1346.97,2,897,673.485,4,2,1346.97,0,Occasional Customers
12647.0,3722.82,12,1431,310.235,21,12,3722.82,0,Occasional Customers
12648.0,318.05,1,160,318.05,154,1,318.05,1,Low Value Customers
12649.0,623.51,3,586,207.83666666666667,106,3,623.51,0,Occasional Customers
12650.0,314.44,1,254,314.44,2,1,314.44,0,Occasional Customers
12651.0,114.0,1,78,114.0,334,1,114.0,1,Low Value Customers
12652.0,919.98,1,505,919.98,330,1,919.98,1,Low Value Customers
12653.0,2209.85,2,919,1104.925,148,2,2209.85,1,Low Value Customers
12654.0,601.98,5,264,120.396,10,5,601.98,0,Occasional Customers
12656.0,4051.17,5,1723,810.234,16,5,4051.17,0,Occasional Customers
12657.0,1643.18,4,1044,410.795,10,4,1643.18,0,Occasional Customers
12658.0,686.05,1,320,686.05,18,1,686.05,0,Occasional Customers
12659.0,91.68,1,105,91.68,29,1,91.68,0,Occasional Customers
12660.0,245.1,1,127,245.1,10,1,245.1,0,Occasional Customers
12662.0,3849.78,11,2058,349.98,0,11,3849.78,0,Occasional Customers
12664.0,4881.88,9,1203,542.4311111111111,7,9,4881.88,0,Occasional Customers
12665.0,63.0,1,37,63.0,324,1,63.0,1,Low Value Customers
12667.0,620.13,1,395,620.13,57,1,620.13,0,Occasional Customers
12668.0,3807.15,4,1634,951.7875,11,4,3807.15,0,Occasional Customers
12669.0,2744.0299999999997,3,1115,914.6766666666666,150,3,2744.0299999999997,1,Low Value Customers
12670.0,2996.05,5,1397,599.21,9,5,2996.05,0,Occasional Customers
12672.0,225.89999999999998,1,78,225.89999999999998,329,1,225.89999999999998,1,Low Value Customers
12673.0,610.52,2,351,305.26,4,2,610.52,0,Occasional Customers
12674.0,1970.6,4,1133,492.65,38,4,1970.6,0,Occasional Customers
12676.0,1331.39,6,670,221.89833333333334,24,6,1331.39,0,Occasional Customers
12678.0,17628.46,12,10923,1469.0383333333332,41,12,17628.46,3,Regular Customers
12679.0,1113.02,4,554,278.255,58,4,1113.02,0,Occasional Customers
12680.0,862.81,4,443,215.7025,0,4,862.81,0,Occasional Customers
12681.0,13787.54,22,7536,626.7063636363637,14,22,13787.54,3,Regular Customers
12682.0,12279.82,31,5555,396.1232258064516,3,31,12279.82,3,Regular Customers
12683.0,8476.57,15,4987,565.1046666666666,3,15,8476.57,3,Regular Customers
12684.0,2283.63,7,1985,326.23285714285714,7,7,2283.63,0,Occasional Customers
12685.0,2863.08,6,1523,477.18,27,6,2863.08,0,Occasional Customers
12686.0,89.14,1,107,89.14,371,1,89.14,1,Low Value Customers
12688.0,4873.8099999999995,1,3028,4873.8099999999995,113,1,4873.8099999999995,0,Occasional Customers
12689.0,1247.61,2,628,623.805,25,2,1247.61,0,Occasional Customers
12690.0,389.01,1,106,389.01,205,1,389.01,1,Low Value Customers
12691.0,1035.8,6,394,172.63333333333333,27,6,1035.8,0,Occasional Customers
12693.0,855.91,4,255,213.9775,126,4,855.91,0,Occasional Customers
12694.0,869.67,2,509,434.835,69,2,869.67,0,Occasional Customers
12695.0,582.1,4,220,145.525,6,4,582.1,0,Occasional Customers
12697.0,957.59,3,508,319.19666666666666,28,3,957.59,0,Occasional Customers
12700.0,4939.99,4,2967,1234.9975,7,4,4939.99,0,Occasional Customers
12701.0,797.71,2,678,398.855,79,2,797.71,0,Occasional Customers
12702.0,219.0,1,53,219.0,19,1,219.0,0,Occasional Customers
12703.0,283.55,1,164,283.55,70,1,283.55,0,Occasional Customers
12704.0,2340.84,8,1006,292.605,6,8,2340.84,0,Occasional Customers
12705.0,6868.29,9,3997,763.1433333333333,14,9,6868.29,0,Occasional Customers
12707.0,603.42,1,256,603.42,291,1,603.42,1,Low Value Customers
12708.0,2712.91,10,1307,271.291,29,10,2712.91,0,Occasional Customers
12709.0,9706.52,15,3912,647.1013333333334,14,15,9706.52,3,Regular Customers
12710.0,1149.02,3,851,383.00666666666666,96,3,1149.02,0,Occasional Customers
12712.0,4396.13,13,1062,338.1638461538462,28,13,4396.13,0,Occasional Customers
12713.0,848.55,1,508,848.55,0,1,848.55,0,Occasional Customers
12714.0,4708.86,5,3069,941.7719999999999,8,5,4708.86,0,Occasional Customers
12715.0,343.36,1,192,343.36,105,1,343.36,0,Occasional Customers
12716.0,1053.49,2,708,526.745,3,2,1053.49,0,Occasional Customers
12717.0,1030.98,2,506,515.49,150,2,1030.98,1,Low Value Customers
12718.0,238.25,1,203,238.25,70,1,238.25,0,Occasional Customers
12719.0,644.95,2,374,322.475,4,2,644.95,0,Occasional Customers
12720.0,5781.73,25,4672,231.26919999999998,2,25,5781.73,3,Regular Customers
12721.0,2656.13,6,1959,442.68833333333333,31,6,2656.13,0,Occasional Customers
12722.0,997.63,4,566,249.4075,84,4,997.63,0,Occasional Customers
12723.0,725.07,5,434,145.014,3,5,725.07,0,Occasional Customers
12724.0,1031.41,4,445,257.8525,4,4,1031.41,0,Occasional Customers
12725.0,427.8,1,164,427.8,370,1,427.8,1,Low Value Customers
12726.0,2609.1,7,3143,372.7285714285714,27,7,2609.1,0,Occasional Customers
12727.0,3980.7,7,2098,568.6714285714286,10,7,3980.7,0,Occasional Customers
12728.0,836.33,4,419,209.0825,70,4,836.33,0,Occasional Customers
12729.0,453.01,1,233,453.01,113,1,453.01,0,Occasional Customers
12731.0,18895.91,12,8437,1574.6591666666666,23,12,18895.91,3,Regular Customers
12732.0,236.26000000000002,1,111,236.26000000000002,179,1,236.26000000000002,1,Low Value Customers
12733.0,383.95,1,137,383.95,233,1,383.95,1,Low Value Customers
12734.0,110.39999999999999,1,88,110.39999999999999,352,1,110.39999999999999,1,Low Value Customers
12735.0,779.5699999999999,2,368,389.78499999999997,314,2,779.5699999999999,1,Low Value Customers
12736.0,234.0,1,173,234.0,332,1,234.0,1,Low Value Customers
12738.0,155.35,1,148,155.35,371,1,155.35,1,Low Value Customers
12739.0,1013.04,2,486,506.52,77,2,1013.04,0,Occasional Customers
12740.0,427.6,1,342,427.6,63,1,427.6,0,Occasional Customers
12743.0,540.13,2,315,270.065,133,2,540.13,0,Occasional Customers
12744.0,21279.29,7,5241,3039.8985714285714,51,7,21279.29,3,Regular Customers
12747.0,4196.01,11,1275,381.4554545454546,1,11,4196.01,0,Occasional Customers
12748.0,33053.19,209,25287,158.14923444976077,0,209,33053.19,2,VIP Customers
12749.0,4090.88,5,1471,818.176,3,5,4090.88,0,Occasional Customers
12750.0,275.88,1,137,275.88,128,1,275.88,0,Occasional Customers
12752.0,4366.78,1,2262,4366.78,80,1,4366.78,0,Occasional Customers
12753.0,21429.39,6,11421,3571.565,22,6,21429.39,0,Occasional Customers
12754.0,3010.74,3,6481,1003.5799999999999,235,3,3010.74,1,Low Value Customers
12755.0,3811.95,2,1491,1905.975,280,2,3811.95,1,Low Value Customers
12756.0,112.07999999999998,1,144,112.07999999999998,86,1,112.07999999999998,0,Occasional Customers
12757.0,7834.650000000001,13,2395,602.6653846153847,15,13,7834.650000000001,3,Regular Customers
12758.0,2791.59,2,2135,1395.795,116,2,2791.59,0,Occasional Customers
12759.0,1531.44,3,902,510.48,51,3,1531.44,0,Occasional Customers
12762.0,1898.52,2,1227,949.26,7,2,1898.52,0,Occasional Customers
12763.0,494.08,2,316,247.04,137,2,494.08,0,Occasional Customers
12764.0,1693.88,1,386,1693.88,316,1,1693.88,1,Low Value Customers
12766.0,6989.63,7,3646,998.5185714285715,3,7,6989.63,0,Occasional Customers
12769.0,1143.6,1,356,1143.6,238,1,1143.6,1,Low Value Customers
12770.0,1351.45,1,743,1351.45,210,1,1351.45,1,Low Value Customers
12772.0,892.47,1,556,892.47,59,1,892.47,0,Occasional Customers
12775.0,1386.04,5,877,277.20799999999997,16,5,1386.04,0,Occasional Customers
12778.0,822.23,6,825,137.03833333333333,19,6,822.23,0,Occasional Customers
12779.0,3981.36,8,2024,497.67,37,8,3981.36,0,Occasional Customers
12781.0,826.74,2,671,413.37,63,2,826.74,0,Occasional Customers
12782.0,2330.92,5,1086,466.184,4,5,2330.92,0,Occasional Customers
12783.0,2225.91,6,624,370.98499999999996,1,6,2225.91,0,Occasional Customers
12784.0,532.8199999999999,2,280,266.40999999999997,8,2,532.8199999999999,0,Occasional Customers
12785.0,311.95,1,131,311.95,363,1,311.95,1,Low Value Customers
12787.0,463.66,3,261,154.55333333333334,9,3,463.66,0,Occasional Customers
12789.0,91.85,1,4,91.85,64,1,91.85,0,Occasional Customers
12790.0,324.92,1,166,324.92,191,1,324.92,1,Low Value Customers
12791.0,192.60000000000002,1,97,192.60000000000002,373,1,192.60000000000002,1,Low Value Customers
12792.0,400.53999999999996,1,217,400.53999999999996,256,1,400.53999999999996,1,Low Value Customers
12793.0,545.48,2,295,272.74,334,2,545.48,1,Low Value Customers
12794.0,860.41,2,592,430.205,52,2,860.41,0,Occasional Customers
12795.0,430.48,1,68,430.48,18,1,430.48,0,Occasional Customers
12797.0,254.03,1,118,254.03,365,1,254.03,1,Low Value Customers
12798.0,6977.04,3,5256,2325.68,9,3,6977.04,0,Occasional Customers
12802.0,427.58,1,314,427.58,186,1,427.58,1,Low Value Customers
12808.0,483.65000000000003,3,188,161.21666666666667,36,3,483.65000000000003,0,Occasional Customers
12809.0,489.31,1,220,489.31,177,1,489.31,1,Low Value Customers
12811.0,514.85,3,230,171.61666666666667,260,3,514.85,1,Low Value Customers
12812.0,229.64000000000001,1,164,229.64000000000001,44,1,229.64000000000001,0,Occasional Customers
12814.0,125.92,1,49,125.92,101,1,125.92,0,Occasional Customers
12815.0,1063.46,2,379,531.73,147,2,1063.46,1,Low Value Customers
12816.0,572.2,2,128,286.1,95,2,572.2,0,Occasional Customers
12817.0,166.04,1,53,166.04,280,1,166.04,1,Low Value Customers
12818.0,1542.08,1,929,1542.08,261,1,1542.08,1,Low Value Customers
12820.0,942.34,4,722,235.585,2,4,942.34,0,Occasional Customers
12821.0,92.72,1,70,92.72,213,1,92.72,1,Low Value Customers
12822.0,948.88,2,550,474.44,70,2,948.88,0,Occasional Customers
12823.0,1759.5,5,230,351.9,74,5,1759.5,0,Occasional Customers
12824.0,397.12,1,232,397.12,59,1,397.12,0,Occasional Customers
12826.0,1474.72,7,1058,210.67428571428573,2,7,1474.72,0,Occasional Customers
12827.0,430.15000000000003,3,197,143.38333333333335,5,3,430.15000000000003,0,Occasional Customers
12828.0,1018.71,6,494,169.785,2,6,1018.71,0,Occasional Customers
12829.0,293.0,2,376,146.5,336,2,293.0,1,Low Value Customers
12830.0,6814.64,6,9848,1135.7733333333333,37,6,6814.64,0,Occasional Customers
12831.0,215.05,1,135,215.05,261,1,215.05,1,Low Value Customers
12832.0,383.03,2,195,191.515,31,2,383.03,0,Occasional Customers
12833.0,417.38,1,156,417.38,144,1,417.38,1,Low Value Customers
12834.0,312.38,1,110,312.38,282,1,312.38,1,Low Value Customers
12836.0,2610.36,4,1062,652.59,58,4,2610.36,0,Occasional Customers
12837.0,134.1,1,24,134.1,172,1,134.1,1,Low Value Customers
12838.0,671.95,2,355,335.975,33,2,671.95,0,Occasional Customers
12839.0,5591.42,14,3807,399.38714285714286,2,14,5591.42,3,Regular Customers
12840.0,2726.77,4,1511,681.6925,143,4,2726.77,0,Occasional Customers
12841.0,3991.58,25,2720,159.6632,4,25,3991.58,3,Regular Customers
12842.0,1118.99,2,547,559.495,69,2,1118.99,0,Occasional Customers
12843.0,1702.26,8,781,212.7825,65,8,1702.26,0,Occasional Customers
12844.0,325.96000000000004,2,125,162.98000000000002,28,2,325.96000000000004,0,Occasional Customers
12845.0,354.09,4,204,88.5225,266,4,354.09,1,Low Value Customers
12847.0,843.64,1,873,843.64,21,1,843.64,0,Occasional Customers
12849.0,1010.29,2,597,505.145,30,2,1010.29,0,Occasional Customers
12851.0,131.81,1,106,131.81,96,1,131.81,0,Occasional Customers
12852.0,311.55,1,149,311.55,294,1,311.55,1,Low Value Customers
12853.0,1957.1000000000001,6,800,326.18333333333334,134,6,1957.1000000000001,0,Occasional Customers
12854.0,1316.25,3,626,438.75,78,3,1316.25,0,Occasional Customers
12855.0,38.1,1,30,38.1,372,1,38.1,1,Low Value Customers
12856.0,2170.78,6,1076,361.7966666666667,7,6,2170.78,0,Occasional Customers
12857.0,1106.4,2,343,553.2,210,2,1106.4,1,Low Value Customers
12863.0,521.2,1,188,521.2,51,1,521.2,0,Occasional Customers
12864.0,147.12,1,216,147.12,137,1,147.12,0,Occasional Customers
12865.0,1568.23,2,925,784.115,25,2,1568.23,0,Occasional Customers
12866.0,559.12,1,171,559.12,282,1,559.12,1,Low Value Customers
12867.0,4009.34,7,4284,572.7628571428571,25,7,4009.34,0,Occasional Customers
12868.0,1607.0600000000002,6,928,267.84333333333336,185,6,1607.0600000000002,1,Low Value Customers
12871.0,380.64,2,200,190.32,83,2,380.64,0,Occasional Customers
12872.0,599.97,2,319,299.985,326,2,599.97,1,Low Value Customers
12873.0,374.0,1,128,374.0,281,1,374.0,1,Low Value Customers
12875.0,343.2300000000001,2,2019,171.61500000000004,142,2,343.2300000000001,0,Occasional Customers
12876.0,2218.02,2,1941,1109.01,57,2,2218.02,0,Occasional Customers
12877.0,1535.77,12,1178,127.98083333333334,3,12,1535.77,0,Occasional Customers
12878.0,854.99,2,547,427.495,235,2,854.99,1,Low Value Customers
12879.0,573.22,3,370,191.07333333333335,44,3,573.22,0,Occasional Customers
12881.0,298.0,1,21,298.0,275,1,298.0,1,Low Value Customers
12882.0,1463.04,2,246,731.52,8,2,1463.04,0,Occasional Customers
12883.0,703.47,4,196,175.8675,24,4,703.47,0,Occasional Customers
12884.0,309.05,1,43,309.05,87,1,309.05,0,Occasional Customers
12885.0,1175.22,3,655,391.74,62,3,1175.22,0,Occasional Customers
12886.0,1378.4,2,770,689.2,67,2,1378.4,0,Occasional Customers
12888.0,354.12,2,76,177.06,213,2,354.12,1,Low Value Customers
12890.0,376.71999999999997,1,256,376.71999999999997,23,1,376.71999999999997,0,Occasional Customers
12891.0,331.0,3,950,110.33333333333333,185,3,331.0,1,Low Value Customers
12893.0,176.55,1,90,176.55,30,1,176.55,0,Occasional Customers
12895.0,372.8,2,210,186.4,41,2,372.8,0,Occasional Customers
12897.0,216.5,2,110,108.25,204,2,216.5,1,Low Value Customers
12901.0,17654.54,28,23075,630.5192857142857,8,28,17654.54,3,Regular Customers
12902.0,138.68,1,66,138.68,264,1,138.68,1,Low Value Customers
12904.0,496.06,2,294,248.03,17,2,496.06,0,Occasional Customers
12906.0,2919.81,5,1749,583.962,11,5,2919.81,0,Occasional Customers
12908.0,750.0,2,1200,375.0,175,2,750.0,1,Low Value Customers
12909.0,2178.67,5,1280,435.73400000000004,39,5,2178.67,0,Occasional Customers
12910.0,3075.04,8,1692,384.38,22,8,3075.04,0,Occasional Customers
12912.0,1662.3,5,670,332.46,2,5,1662.3,0,Occasional Customers
12913.0,2483.63,5,1419,496.726,4,5,2483.63,0,Occasional Customers
12915.0,363.65,2,93,181.825,148,2,363.65,1,Low Value Customers
12916.0,2944.95,4,1083,736.2375,138,4,2944.95,0,Occasional Customers
12917.0,594.0,1,120,594.0,127,1,594.0,0,Occasional Customers
12919.0,1335.19,6,673,222.53166666666667,7,6,1335.19,0,Occasional Customers
12920.0,162.78,1,128,162.78,16,1,162.78,0,Occasional Customers
12921.0,16587.09,37,9526,448.29972972972973,8,37,16587.09,3,Regular Customers
12922.0,405.38,1,370,405.38,160,1,405.38,1,Low Value Customers
12923.0,172.82,1,68,172.82,63,1,172.82,0,Occasional Customers
12924.0,933.7,4,481,233.425,87,4,933.7,0,Occasional Customers
12925.0,694.05,2,541,347.025,4,2,694.05,0,Occasional Customers
12928.0,2062.7000000000003,5,1472,412.5400000000001,34,5,2062.7000000000003,0,Occasional Customers
12929.0,117.85,1,37,117.85,311,1,117.85,1,Low Value Customers
12930.0,415.8,2,252,207.9,77,2,415.8,0,Occasional Customers
12931.0,42055.96,15,28004,2803.730666666667,21,15,42055.96,3,Regular Customers
12933.0,607.53,3,499,202.51,23,3,607.53,0,Occasional Customers
12935.0,2160.7,7,1853,308.6714285714285,1,7,2160.7,0,Occasional Customers
12936.0,1063.9,4,559,265.975,16,4,1063.9,0,Occasional Customers
12937.0,1504.27,4,1007,376.0675,14,4,1504.27,0,Occasional Customers
12938.0,114.14,1,140,114.14,25,1,114.14,0,Occasional Customers
12939.0,11581.8,8,4876,1447.725,63,8,11581.8,0,Occasional Customers
12940.0,899.69,2,404,449.845,54,2,899.69,0,Occasional Customers
12942.0,675.6,3,198,225.20000000000002,130,3,675.6,0,Occasional Customers
12944.0,604.51,2,289,302.255,35,2,604.51,0,Occasional Customers
12945.0,462.95,1,165,462.95,287,1,462.95,1,Low Value Customers
12947.0,1603.99,6,1165,267.33166666666665,143,6,1603.99,0,Occasional Customers
12948.0,2064.95,7,1080,294.99285714285713,15,7,2064.95,0,Occasional Customers
12949.0,4167.22,8,2381,520.9025,30,8,4167.22,0,Occasional Customers
12950.0,1843.0,3,1380,614.3333333333334,1,3,1843.0,0,Occasional Customers
12951.0,1064.07,6,503,177.345,8,6,1064.07,0,Occasional Customers
12952.0,1387.79,4,653,346.9475,5,4,1387.79,0,Occasional Customers
12953.0,329.85,1,84,329.85,9,1,329.85,0,Occasional Customers
12955.0,4757.16,11,3664,432.4690909090909,0,11,4757.16,0,Occasional Customers
12956.0,108.07,1,34,108.07,305,1,108.07,1,Low Value Customers
12957.0,4017.54,8,2549,502.1925,9,8,4017.54,0,Occasional Customers
12962.0,266.39,2,129,133.195,6,2,266.39,0,Occasional Customers
12963.0,1856.63,8,881,232.07875,7,8,1856.63,0,Occasional Customers
12965.0,769.8100000000001,1,282,769.8100000000001,88,1,769.8100000000001,0,Occasional Customers
12966.0,160.18,1,75,160.18,9,1,160.18,0,Occasional Customers
12967.0,1660.9,2,438,830.45,357,2,1660.9,1,Low Value Customers
12968.0,135.95,1,73,135.95,111,1,135.95,0,Occasional Customers
12970.0,405.47,4,268,101.3675,6,4,405.47,0,Occasional Customers
12971.0,11189.91,86,9289,130.11523255813952,3,86,11189.91,3,Regular Customers
12974.0,144.8,1,24,144.8,197,1,144.8,1,Low Value Customers
12976.0,738.6,1,561,738.6,211,1,738.6,1,Low Value Customers
12977.0,39.239999999999995,1,12,39.239999999999995,155,1,39.239999999999995,1,Low Value Customers
12980.0,7374.900000000001,9,886,819.4333333333334,157,9,7374.900000000001,0,Occasional Customers
12981.0,372.21999999999997,2,242,186.10999999999999,29,2,372.21999999999997,0,Occasional Customers
12982.0,390.54,1,288,390.54,242,1,390.54,1,Low Value Customers
12984.0,97.5,1,26,97.5,18,1,97.5,0,Occasional Customers
12985.0,1239.38,2,1533,619.69,0,2,1239.38,0,Occasional Customers
12987.0,558.7,2,219,279.35,73,2,558.7,0,Occasional Customers
12988.0,505.82,1,126,505.82,291,1,505.82,1,Low Value Customers
12989.0,6924.110000000001,15,2943,461.6073333333334,2,15,6924.110000000001,3,Regular Customers
12990.0,409.5,3,200,136.5,30,3,409.5,0,Occasional Customers
12991.0,503.76,2,405,251.88,22,2,503.76,0,Occasional Customers
12993.0,414.76,4,240,103.69,22,4,414.76,0,Occasional Customers
12994.0,974.4200000000001,3,459,324.8066666666667,3,3,974.4200000000001,0,Occasional Customers
12995.0,211.32,1,108,211.32,84,1,211.32,0,Occasional Customers
12997.0,1226.89,4,664,306.7225,21,4,1226.89,0,Occasional Customers
12999.0,455.88,3,342,151.96,195,3,455.88,1,Low Value Customers
13000.0,534.85,3,379,178.28333333333333,106,3,534.85,0,Occasional Customers
13001.0,9785.970000000001,13,5490,752.7669230769231,3,13,9785.970000000001,3,Regular Customers
13002.0,120.94999999999999,1,73,120.94999999999999,317,1,120.94999999999999,1,Low Value Customers
13003.0,149.05,3,103,49.68333333333334,105,3,149.05,0,Occasional Customers
13004.0,5655.91,18,4822,314.21722222222223,11,18,5655.91,3,Regular Customers
13005.0,513.7,2,172,256.85,173,2,513.7,1,Low Value Customers
13006.0,81.57,1,55,81.57,55,1,81.57,0,Occasional Customers
13008.0,229.46999999999997,1,175,229.46999999999997,322,1,229.46999999999997,1,Low Value Customers
13011.0,50.550000000000004,1,13,50.550000000000004,371,1,50.550000000000004,1,Low Value Customers
13012.0,1646.8400000000001,8,820,205.85500000000002,8,8,1646.8400000000001,0,Occasional Customers
13013.0,4810.9400000000005,13,2224,370.07230769230773,0,13,4810.9400000000005,0,Occasional Customers
13014.0,3466.2799999999997,10,905,346.628,10,10,3466.2799999999997,0,Occasional Customers
13015.0,3339.64,5,1609,667.928,52,5,3339.64,0,Occasional Customers
13016.0,789.89,3,527,263.2966666666667,72,3,789.89,0,Occasional Customers
13017.0,204.0,1,48,204.0,6,1,204.0,0,Occasional Customers
13018.0,7277.7,28,5435,259.91785714285714,15,28,7277.7,3,Regular Customers
13021.0,2616.38,9,1352,290.7088888888889,3,9,2616.38,0,Occasional Customers
13023.0,689.9,2,286,344.95,63,2,689.9,0,Occasional Customers
13026.0,975.36,5,1620,195.072,0,5,975.36,0,Occasional Customers
13027.0,6912.0,6,17280,1152.0,113,6,6912.0,0,Occasional Customers
13028.0,661.3199999999999,2,798,330.65999999999997,22,2,661.3199999999999,0,Occasional Customers
13029.0,1247.5,3,134,415.8333333333333,30,3,1247.5,0,Occasional Customers
13030.0,752.4399999999999,2,348,376.21999999999997,10,2,752.4399999999999,0,Occasional Customers
13032.0,1010.18,2,375,505.09,51,2,1010.18,0,Occasional Customers
13033.0,190.55,1,83,190.55,356,1,190.55,1,Low Value Customers
13034.0,642.77,2,369,321.385,54,2,642.77,0,Occasional Customers
13035.0,921.88,2,644,460.94,73,2,921.88,0,Occasional Customers
13037.0,881.07,3,431,293.69,137,3,881.07,0,Occasional Customers
13038.0,908.46,3,360,302.82,79,3,908.46,0,Occasional Customers
13040.0,676.99,2,355,338.495,8,2,676.99,0,Occasional Customers
13043.0,516.42,1,254,516.42,272,1,516.42,1,Low Value Customers
13044.0,560.47,1,429,560.47,290,1,560.47,1,Low Value Customers
13045.0,305.28000000000003,1,221,305.28000000000003,98,1,305.28000000000003,0,Occasional Customers
13046.0,629.31,2,264,314.655,30,2,629.31,0,Occasional Customers
13047.0,3237.54,10,1391,323.754,31,10,3237.54,0,Occasional Customers
13048.0,1819.41,4,1228,454.8525,13,4,1819.41,0,Occasional Customers
13049.0,656.6800000000001,2,268,328.34000000000003,63,2,656.6800000000001,0,Occasional Customers
13050.0,5836.86,17,3748,343.3447058823529,14,17,5836.86,3,Regular Customers
13052.0,348.15000000000003,1,222,348.15000000000003,211,1,348.15000000000003,1,Low Value Customers
13055.0,1214.41,3,894,404.80333333333334,77,3,1214.41,0,Occasional Customers
13058.0,271.40000000000003,3,52,90.46666666666668,24,3,271.40000000000003,0,Occasional Customers
13059.0,183.4,1,35,183.4,249,1,183.4,1,Low Value Customers
13060.0,307.53,1,123,307.53,253,1,307.53,1,Low Value Customers
13061.0,248.61,1,107,248.61,71,1,248.61,0,Occasional Customers
13062.0,346.98,1,343,346.98,190,1,346.98,1,Low Value Customers
13064.0,1105.59,4,514,276.3975,12,4,1105.59,0,Occasional Customers
13065.0,205.86,1,74,205.86,372,1,205.86,1,Low Value Customers
13066.0,470.8,2,322,235.4,23,2,470.8,0,Occasional Customers
13067.0,115.46000000000001,1,32,115.46000000000001,81,1,115.46000000000001,0,Occasional Customers
13068.0,344.0,2,200,172.0,9,2,344.0,0,Occasional Customers
13069.0,4431.44,24,5873,184.64333333333332,0,24,4431.44,3,Regular Customers
13070.0,228.8,1,110,228.8,191,1,228.8,1,Low Value Customers
13072.0,177.15,1,69,177.15,266,1,177.15,1,Low Value Customers
13075.0,919.61,1,485,919.61,129,1,919.61,0,Occasional Customers
13077.0,728.02,4,862,182.005,0,4,728.02,0,Occasional Customers
13078.0,12627.94,26,5630,485.69,2,26,12627.94,3,Regular Customers
13079.0,220.10000000000002,5,62,44.02,3,5,220.10000000000002,0,Occasional Customers
13080.0,58.08,1,120,58.08,178,1,58.08,1,Low Value Customers
13081.0,28337.38,11,19068,2576.1254545454544,11,11,28337.38,3,Regular Customers
13082.0,3613.63,9,4324,401.51444444444445,125,9,3613.63,0,Occasional Customers
13083.0,303.75,2,187,151.875,3,2,303.75,0,Occasional Customers
13085.0,416.08000000000004,2,216,208.04000000000002,157,2,416.08000000000004,1,Low Value Customers
13089.0,58762.08,97,31025,605.7946391752578,2,97,58762.08,2,VIP Customers
13090.0,8910.82,14,2263,636.4871428571429,8,14,8910.82,3,Regular Customers
13091.0,345.82,1,466,345.82,27,1,345.82,0,Occasional Customers
13092.0,477.83,5,279,95.566,70,5,477.83,0,Occasional Customers
13093.0,7832.47,8,3961,979.05875,275,8,7832.47,1,Low Value Customers
13094.0,1927.3200000000002,12,1716,160.61,20,12,1927.3200000000002,0,Occasional Customers
13095.0,74.39999999999999,1,144,74.39999999999999,70,1,74.39999999999999,0,Occasional Customers
13097.0,6003.22,10,2360,600.322,32,10,6003.22,0,Occasional Customers
13098.0,28882.44,28,15968,1031.5157142857142,0,28,28882.44,3,Regular Customers
13099.0,207.35999999999999,1,288,207.35999999999999,98,1,207.35999999999999,0,Occasional Customers
13101.0,101.19,1,113,101.19,233,1,101.19,1,Low Value Customers
13102.0,6424.09,24,4204,267.67041666666665,0,24,6424.09,3,Regular Customers
13103.0,243.94,1,82,243.94,39,1,243.94,0,Occasional Customers
13104.0,1098.48,6,504,183.08,2,6,1098.48,0,Occasional Customers
13106.0,76.5,1,18,76.5,132,1,76.5,0,Occasional Customers
13107.0,1531.6200000000001,4,1293,382.90500000000003,43,4,1531.6200000000001,0,Occasional Customers
13108.0,350.06,1,298,350.06,372,1,350.06,1,Low Value Customers
13109.0,786.54,2,520,393.27,59,2,786.54,0,Occasional Customers
13110.0,1488.67,7,388,212.66714285714286,30,7,1488.67,0,Occasional Customers
13113.0,12245.960000000001,24,3045,510.2483333333334,0,24,12245.960000000001,3,Regular Customers
13115.0,2294.78,4,1567,573.695,11,4,2294.78,0,Occasional Customers
13116.0,501.14,1,291,501.14,137,1,501.14,0,Occasional Customers
13117.0,984.91,8,945,123.11375,21,8,984.91,0,Occasional Customers
13118.0,1197.81,5,410,239.56199999999998,19,5,1197.81,0,Occasional Customers
13120.0,30.599999999999998,1,12,30.599999999999998,238,1,30.599999999999998,1,Low Value Customers
13121.0,283.73,1,252,283.73,268,1,283.73,1,Low Value Customers
13122.0,922.39,2,585,461.195,93,2,922.39,0,Occasional Customers
13124.0,3756.33,3,2119,1252.11,89,3,3756.33,0,Occasional Customers
13126.0,2099.64,8,2143,262.455,4,8,2099.64,0,Occasional Customers
13127.0,259.17,1,127,259.17,77,1,259.17,0,Occasional Customers
13130.0,64.0,1,32,64.0,93,1,64.0,0,Occasional Customers
13131.0,1073.3,3,447,357.76666666666665,22,3,1073.3,0,Occasional Customers
13132.0,77.3,1,20,77.3,261,1,77.3,1,Low Value Customers
13133.0,109.8,2,32,54.9,273,2,109.8,1,Low Value Customers
13134.0,1793.58,4,1059,448.395,85,4,1793.58,0,Occasional Customers
13135.0,3096.0,1,4300,3096.0,196,1,3096.0,1,Low Value Customers
13136.0,2607.61,5,1328,521.522,55,5,2607.61,0,Occasional Customers
13137.0,3603.29,8,2204,450.41125,10,8,3603.29,0,Occasional Customers
13138.0,962.39,6,473,160.39833333333334,21,6,962.39,0,Occasional Customers
13139.0,5064.94,7,2425,723.5628571428571,15,7,5064.94,0,Occasional Customers
13140.0,422.47,3,185,140.82333333333335,107,3,422.47,0,Occasional Customers
13141.0,2388.75,5,1548,477.75,84,5,2388.75,0,Occasional Customers
13142.0,307.09,1,258,307.09,18,1,307.09,0,Occasional Customers
13144.0,110.95,1,21,110.95,332,1,110.95,1,Low Value Customers
13145.0,618.52,4,145,154.63,39,4,618.52,0,Occasional Customers
13146.0,228.91,1,154,228.91,25,1,228.91,0,Occasional Customers
13147.0,712.8000000000001,4,144,178.20000000000002,9,4,712.8000000000001,0,Occasional Customers
13148.0,3683.26,12,1965,306.93833333333333,28,12,3683.26,0,Occasional Customers
13149.0,1676.06,4,1280,419.015,13,4,1676.06,0,Occasional Customers
13151.0,1257.8700000000001,1,363,1257.8700000000001,295,1,1257.8700000000001,1,Low Value Customers
13153.0,486.22,1,418,486.22,5,1,486.22,0,Occasional Customers
13155.0,971.76,4,497,242.94,32,4,971.76,0,Occasional Customers
13157.0,1741.22,4,1439,435.305,48,4,1741.22,0,Occasional Customers
13158.0,1201.06,4,784,300.265,94,4,1201.06,0,Occasional Customers
13159.0,1429.35,4,1058,357.3375,8,4,1429.35,0,Occasional Customers
13160.0,91.8,1,56,91.8,21,1,91.8,0,Occasional Customers
13161.0,112.75,1,29,112.75,312,1,112.75,1,Low Value Customers
13162.0,1688.29,4,1713,422.0725,121,4,1688.29,0,Occasional Customers
13165.0,1021.48,2,1376,510.74,45,2,1021.48,0,Occasional Customers
13166.0,417.2,1,216,417.2,282,1,417.2,1,Low Value Customers
13167.0,791.33,4,785,197.8325,18,4,791.33,0,Occasional Customers
13168.0,1299.59,4,670,324.8975,35,4,1299.59,0,Occasional Customers
13169.0,712.88,2,272,356.44,63,2,712.88,0,Occasional Customers
13170.0,108.81,1,141,108.81,26,1,108.81,0,Occasional Customers
13171.0,468.41,3,229,156.13666666666668,21,3,468.41,0,Occasional Customers
13173.0,353.65,2,277,176.825,3,2,353.65,0,Occasional Customers
13174.0,2742.82,3,1352,914.2733333333334,15,3,2742.82,0,Occasional Customers
13176.0,481.49,1,448,481.49,45,1,481.49,0,Occasional Customers
13177.0,282.45,1,91,282.45,64,1,282.45,0,Occasional Customers
13178.0,5725.47,11,3570,520.4972727272727,25,11,5725.47,0,Occasional Customers
13182.0,121.18,1,201,121.18,44,1,121.18,0,Occasional Customers
13183.0,3957.78,9,2208,439.75333333333333,7,9,3957.78,0,Occasional Customers
13184.0,1668.95,10,1662,166.895,14,10,1668.95,0,Occasional Customers
13185.0,71.4,1,12,71.4,267,1,71.4,1,Low Value Customers
13186.0,1575.89,3,820,525.2966666666667,39,3,1575.89,0,Occasional Customers
13187.0,236.02,1,95,236.02,336,1,236.02,1,Low Value Customers
13188.0,114.60000000000001,1,25,114.60000000000001,10,1,114.60000000000001,0,Occasional Customers
13189.0,260.68,2,842,130.34,18,2,260.68,0,Occasional Customers
13192.0,911.94,2,595,455.97,94,2,911.94,0,Occasional Customers
13193.0,112.08,1,46,112.08,60,1,112.08,0,Occasional Customers
13194.0,60.7,1,26,60.7,135,1,60.7,0,Occasional Customers
13196.0,1797.78,4,1224,449.445,10,4,1797.78,0,Occasional Customers
13198.0,3401.2400000000002,6,2648,566.8733333333333,9,6,3401.2400000000002,0,Occasional Customers
13199.0,9817.12,38,6176,258.34526315789475,3,38,9817.12,3,Regular Customers
13200.0,870.09,4,516,217.5225,18,4,870.09,0,Occasional Customers
13203.0,869.46,4,800,217.365,9,4,869.46,0,Occasional Customers
13207.0,250.26000000000002,2,130,125.13000000000001,14,2,250.26000000000002,0,Occasional Customers
13208.0,1217.65,6,803,202.9416666666667,58,6,1217.65,0,Occasional Customers
13209.0,5891.61,8,4253,736.45125,29,8,5891.61,0,Occasional Customers
13210.0,353.48,1,316,353.48,93,1,353.48,0,Occasional Customers
13211.0,1095.42,3,834,365.14000000000004,9,3,1095.42,0,Occasional Customers
13212.0,786.83,3,309,262.2766666666667,19,3,786.83,0,Occasional Customers
13213.0,1520.58,5,1360,304.116,56,5,1520.58,0,Occasional Customers
13216.0,333.74,1,297,333.74,267,1,333.74,1,Low Value Customers
13217.0,533.98,3,262,177.99333333333334,121,3,533.98,0,Occasional Customers
13218.0,62.63999999999999,1,88,62.63999999999999,126,1,62.63999999999999,0,Occasional Customers
13220.0,819.2900000000001,4,196,204.82250000000002,77,4,819.2900000000001,0,Occasional Customers
13221.0,847.41,2,244,423.705,239,2,847.41,1,Low Value Customers
13223.0,163.20000000000002,2,88,81.60000000000001,199,2,163.20000000000002,1,Low Value Customers
13224.0,2155.95,2,1518,1077.975,59,2,2155.95,0,Occasional Customers
13225.0,6463.84,7,3416,923.4057142857143,2,7,6463.84,0,Occasional Customers
13226.0,108.21000000000001,1,80,108.21000000000001,272,1,108.21000000000001,1,Low Value Customers
13227.0,257.7,1,99,257.7,201,1,257.7,1,Low Value Customers
13228.0,358.0,1,200,358.0,80,1,358.0,0,Occasional Customers
13229.0,160.95,1,63,160.95,225,1,160.95,1,Low Value Customers
13230.0,2755.63,14,1638,196.8307142857143,3,14,2755.63,0,Occasional Customers
13232.0,1328.35,7,773,189.7642857142857,12,7,1328.35,0,Occasional Customers
13233.0,605.12,2,1004,302.56,73,2,605.12,0,Occasional Customers
13235.0,1031.07,1,441,1031.07,211,1,1031.07,1,Low Value Customers
13236.0,744.85,2,416,372.425,24,2,744.85,0,Occasional Customers
13238.0,700.73,4,298,175.1825,16,4,700.73,0,Occasional Customers
13239.0,329.56,1,327,329.56,261,1,329.56,1,Low Value Customers
13240.0,663.65,4,298,165.9125,95,4,663.65,0,Occasional Customers
13242.0,270.40000000000003,3,130,90.13333333333334,111,3,270.40000000000003,0,Occasional Customers
13243.0,585.12,1,232,585.12,202,1,585.12,1,Low Value Customers
13244.0,121.74000000000001,1,38,121.74000000000001,92,1,121.74000000000001,0,Occasional Customers
13245.0,430.5,1,125,430.5,50,1,430.5,0,Occasional Customers
13246.0,1961.52,6,1587,326.92,17,6,1961.52,0,Occasional Customers
13247.0,501.12,4,328,125.28,17,4,501.12,0,Occasional Customers
13248.0,465.68,2,305,232.84,124,2,465.68,0,Occasional Customers
13249.0,711.41,3,546,237.13666666666666,91,3,711.41,0,Occasional Customers
13253.0,1030.4,2,1572,515.2,156,2,1030.4,1,Low Value Customers
13255.0,399.51,2,177,199.755,8,2,399.51,0,Occasional Customers
13258.0,672.83,3,282,224.27666666666667,11,3,672.83,0,Occasional Customers
13259.0,283.18,1,126,283.18,61,1,283.18,0,Occasional Customers
13260.0,557.62,1,142,557.62,60,1,557.62,0,Occasional Customers
13261.0,944.1,2,210,472.05,268,2,944.1,1,Low Value Customers
13262.0,200.29,1,125,200.29,262,1,200.29,1,Low Value Customers
13263.0,7436.93,35,4768,212.48371428571429,0,35,7436.93,3,Regular Customers
13265.0,2092.66,5,1740,418.532,52,5,2092.66,0,Occasional Customers
13266.0,3834.2599999999998,12,4428,319.52166666666665,10,12,3834.2599999999998,0,Occasional Customers
13267.0,4521.49,19,1969,237.97315789473683,2,19,4521.49,3,Regular Customers
13268.0,3174.75,11,3624,288.6136363636364,17,11,3174.75,0,Occasional Customers
13269.0,5343.28,15,3513,356.21866666666665,0,15,5343.28,3,Regular Customers
13270.0,590.0,1,200,590.0,365,1,590.0,1,Low Value Customers
13271.0,211.49,1,240,211.49,36,1,211.49,0,Occasional Customers
13272.0,276.56,2,96,138.28,30,2,276.56,0,Occasional Customers
13273.0,138.98,1,153,138.98,112,1,138.98,0,Occasional Customers
13276.0,590.9300000000001,2,161,295.46500000000003,63,2,590.9300000000001,0,Occasional Customers
13277.0,258.4,4,176,64.6,15,4,258.4,0,Occasional Customers
13278.0,542.73,1,537,542.73,40,1,542.73,0,Occasional Customers
13279.0,137.75,1,73,137.75,77,1,137.75,0,Occasional Customers
13280.0,798.46,3,518,266.15333333333336,121,3,798.46,0,Occasional Customers
13282.0,1132.14,3,307,377.38000000000005,17,3,1132.14,0,Occasional Customers
13283.0,93.66,2,90,46.83,59,2,93.66,0,Occasional Customers
13284.0,201.19,1,91,201.19,330,1,201.19,1,Low Value Customers
13285.0,2709.12,4,2051,677.28,22,4,2709.12,0,Occasional Customers
13291.0,361.11,1,233,361.11,155,1,361.11,1,Low Value Customers
13292.0,578.9399999999999,2,347,289.46999999999997,38,2,578.9399999999999,0,Occasional Customers
13294.0,873.74,2,453,436.87,189,2,873.74,1,Low Value Customers
13295.0,201.20000000000002,1,82,201.20000000000002,359,1,201.20000000000002,1,Low Value Customers
13296.0,87.4,1,78,87.4,136,1,87.4,0,Occasional Customers
13297.0,2089.85,4,963,522.4625,7,4,2089.85,0,Occasional Customers
13298.0,360.0,1,96,360.0,0,1,360.0,0,Occasional Customers
13299.0,142.5,1,30,142.5,267,1,142.5,1,Low Value Customers
13300.0,371.89,1,203,371.89,168,1,371.89,1,Low Value Customers
13301.0,618.09,4,345,154.5225,103,4,618.09,0,Occasional Customers
13302.0,63.75,1,5,63.75,154,1,63.75,1,Low Value Customers
13304.0,300.42,1,238,300.42,350,1,300.42,1,Low Value Customers
13305.0,2000.86,10,1232,200.08599999999998,3,10,2000.86,0,Occasional Customers
13307.0,15.0,1,4,15.0,119,1,15.0,0,Occasional Customers
13308.0,1385.51,3,843,461.83666666666664,22,3,1385.51,0,Occasional Customers
13309.0,1456.79,5,1544,291.358,6,5,1456.79,0,Occasional Customers
13310.0,1132.03,3,587,377.3433333333333,27,3,1132.03,0,Occasional Customers
13311.0,598.57,2,305,299.285,3,2,598.57,0,Occasional Customers
13313.0,1555.32,5,851,311.06399999999996,21,5,1555.32,0,Occasional Customers
13314.0,775.94,3,560,258.6466666666667,1,3,775.94,0,Occasional Customers
13316.0,5732.93,4,5508,1433.2325,36,4,5732.93,0,Occasional Customers
13317.0,2273.68,6,1035,378.94666666666666,65,6,2273.68,0,Occasional Customers
13318.0,640.76,3,304,213.58666666666667,0,3,640.76,0,Occasional Customers
13319.0,10845.550000000001,26,4724,417.1365384615385,4,26,10845.550000000001,3,Regular Customers
13320.0,1532.2,4,1086,383.05,77,4,1532.2,0,Occasional Customers
13321.0,567.36,2,372,283.68,71,2,567.36,0,Occasional Customers
13322.0,199.48000000000002,1,117,199.48000000000002,16,1,199.48000000000002,0,Occasional Customers
13323.0,787.85,5,175,157.57,2,5,787.85,0,Occasional Customers
13324.0,7121.95,10,5205,712.1949999999999,35,10,7121.95,0,Occasional Customers
13325.0,675.3,1,240,675.3,81,1,675.3,0,Occasional Customers
13327.0,3627.77,8,1600,453.47125,38,8,3627.77,0,Occasional Customers
13328.0,1308.48,1,680,1308.48,315,1,1308.48,1,Low Value Customers
13329.0,789.0,2,463,394.5,31,2,789.0,0,Occasional Customers
13330.0,1140.93,3,751,380.31,92,3,1140.93,0,Occasional Customers
13332.0,350.9,1,179,350.9,13,1,350.9,0,Occasional Customers
13334.0,3502.32,3,1764,1167.44,81,3,3502.32,0,Occasional Customers
13336.0,795.12,1,559,795.12,76,1,795.12,0,Occasional Customers
13338.0,487.02,1,256,487.02,157,1,487.02,1,Low Value Customers
13339.0,860.12,1,326,860.12,200,1,860.12,1,Low Value Customers
13340.0,10736.48,7,5770,1533.782857142857,44,7,10736.48,0,Occasional Customers
13341.0,775.85,1,301,775.85,260,1,775.85,1,Low Value Customers
13343.0,353.43,1,135,353.43,177,1,353.43,1,Low Value Customers
13344.0,2511.69,3,952,837.23,67,3,2511.69,0,Occasional Customers
13345.0,389.5,1,141,389.5,287,1,389.5,1,Low Value Customers
13347.0,341.36,1,205,341.36,69,1,341.36,0,Occasional Customers
13348.0,233.76,1,136,233.76,63,1,233.76,0,Occasional Customers
13349.0,247.32,1,225,247.32,10,1,247.32,0,Occasional Customers
13350.0,979.12,2,287,489.56,15,2,979.12,0,Occasional Customers
13351.0,373.94,1,117,373.94,65,1,373.94,0,Occasional Customers
13352.0,397.97999999999996,1,321,397.97999999999996,59,1,397.97999999999996,0,Occasional Customers
13354.0,743.53,1,604,743.53,70,1,743.53,0,Occasional Customers
13355.0,674.7,1,314,674.7,121,1,674.7,0,Occasional Customers
13356.0,768.24,1,325,768.24,79,1,768.24,0,Occasional Customers
13357.0,609.4,1,321,609.4,256,1,609.4,1,Low Value Customers
13358.0,439.03,1,285,439.03,268,1,439.03,1,Low Value Customers
13359.0,439.56,1,161,439.56,63,1,439.56,0,Occasional Customers
13362.0,3090.7400000000002,4,1382,772.6850000000001,8,4,3090.7400000000002,0,Occasional Customers
13363.0,992.5,2,710,496.25,17,2,992.5,0,Occasional Customers
13364.0,134.95999999999998,1,71,134.95999999999998,70,1,134.95999999999998,0,Occasional Customers
13365.0,2225.37,2,1247,1112.685,33,2,2225.37,0,Occasional Customers
13366.0,56.160000000000004,1,144,56.160000000000004,49,1,56.160000000000004,0,Occasional Customers
13368.0,623.4,2,327,311.7,256,2,623.4,1,Low Value Customers
13369.0,308.28000000000003,1,149,308.28000000000003,365,1,308.28000000000003,1,Low Value Customers
13370.0,754.87,1,343,754.87,371,1,754.87,1,Low Value Customers
13372.0,378.64,1,159,378.64,89,1,378.64,0,Occasional Customers
13373.0,3312.25,3,1651,1104.0833333333333,60,3,3312.25,0,Occasional Customers
13375.0,778.65,1,442,778.65,88,1,778.65,0,Occasional Customers
13376.0,1019.76,3,493,339.92,98,3,1019.76,0,Occasional Customers
13379.0,572.56,3,601,190.85333333333332,25,3,572.56,0,Occasional Customers
13381.0,3639.31,6,2029,606.5516666666666,31,6,3639.31,0,Occasional Customers
13382.0,222.99,1,131,222.99,280,1,222.99,1,Low Value Customers
13384.0,4151.93,7,2422,593.1328571428572,30,7,4151.93,0,Occasional Customers
13385.0,534.57,1,281,534.57,329,1,534.57,1,Low Value Customers
13388.0,677.1,2,282,338.55,130,2,677.1,0,Occasional Customers
13389.0,797.96,3,429,265.9866666666667,10,3,797.96,0,Occasional Customers
13390.0,544.08,1,224,544.08,74,1,544.08,0,Occasional Customers
13391.0,59.8,1,4,59.8,203,1,59.8,1,Low Value Customers
13394.0,2520.02,8,2392,315.0025,1,8,2520.02,0,Occasional Customers
13395.0,307.72,1,336,307.72,184,1,307.72,1,Low Value Customers
13396.0,1360.99,2,600,680.495,28,2,1360.99,0,Occasional Customers
13397.0,1544.13,5,430,308.826,72,5,1544.13,0,Occasional Customers
13398.0,457.34,1,281,457.34,191,1,457.34,1,Low Value Customers
13402.0,621.23,2,479,310.615,126,2,621.23,0,Occasional Customers
13403.0,75.0,1,44,75.0,17,1,75.0,0,Occasional Customers
13404.0,252.49,2,111,126.245,0,2,252.49,0,Occasional Customers
13405.0,572.451,3,165,190.817,73,3,572.451,0,Occasional Customers
13408.0,28117.04,62,16232,453.5006451612903,1,62,28117.04,3,Regular Customers
13410.0,1003.06,5,518,200.612,23,5,1003.06,0,Occasional Customers
13411.0,213.55,1,72,213.55,106,1,213.55,0,Occasional Customers
13414.0,1390.5,3,1574,463.5,133,3,1390.5,0,Occasional Customers
13416.0,712.5,2,142,356.25,43,2,712.5,0,Occasional Customers
13417.0,640.83,2,162,320.415,4,2,640.83,0,Occasional Customers
13418.0,6127.43,18,3918,340.4127777777778,11,18,6127.43,3,Regular Customers
13419.0,221.06,1,275,221.06,63,1,221.06,0,Occasional Customers
13420.0,159.85,2,101,79.925,149,2,159.85,1,Low Value Customers
13421.0,1833.71,2,1128,916.855,39,2,1833.71,0,Occasional Customers
13422.0,2626.3,1,1326,2626.3,63,1,2626.3,0,Occasional Customers
13425.0,1624.21,3,1123,541.4033333333333,107,3,1624.21,0,Occasional Customers
13426.0,3641.32,10,2245,364.132,0,10,3641.32,0,Occasional Customers
13427.0,582.6,3,545,194.20000000000002,18,3,582.6,0,Occasional Customers
13428.0,201.78,1,151,201.78,9,1,201.78,0,Occasional Customers
13429.0,1006.8,4,1390,251.7,10,4,1006.8,0,Occasional Customers
13430.0,679.45,2,751,339.725,18,2,679.45,0,Occasional Customers
13431.0,1269.1,2,672,634.55,66,2,1269.1,0,Occasional Customers
13434.0,534.24,2,300,267.12,73,2,534.24,0,Occasional Customers
13435.0,3809.8900000000003,7,2129,544.2700000000001,4,7,3809.8900000000003,0,Occasional Customers
13436.0,196.89,1,76,196.89,1,1,196.89,0,Occasional Customers
13437.0,3408.06,7,1283,486.86571428571426,13,7,3408.06,0,Occasional Customers
13439.0,283.71,1,242,283.71,254,1,283.71,1,Low Value Customers
13441.0,296.64,1,204,296.64,91,1,296.64,0,Occasional Customers
13447.0,1129.14,3,584,376.38000000000005,22,3,1129.14,0,Occasional Customers
13448.0,3534.69,6,1648,589.115,16,6,3534.69,0,Occasional Customers
13449.0,291.88,1,222,291.88,23,1,291.88,0,Occasional Customers
13450.0,2043.7199999999998,6,1982,340.61999999999995,26,6,2043.7199999999998,0,Occasional Customers
13451.0,2898.2599999999998,5,2128,579.6519999999999,25,5,2898.2599999999998,0,Occasional Customers
13452.0,590.0,2,2,295.0,258,2,590.0,1,Low Value Customers
13453.0,356.97999999999996,2,134,178.48999999999998,165,2,356.97999999999996,1,Low Value Customers
13455.0,1058.34,2,354,529.17,24,2,1058.34,0,Occasional Customers
13456.0,1766.72,6,765,294.4533333333333,17,6,1766.72,0,Occasional Customers
13458.0,9646.57,14,5508,689.0407142857142,6,14,9646.57,3,Regular Customers
13460.0,183.44,2,286,91.72,28,2,183.44,0,Occasional Customers
13461.0,1445.0,3,1170,481.6666666666667,38,3,1445.0,0,Occasional Customers
13462.0,151.5,1,62,151.5,252,1,151.5,1,Low Value Customers
13464.0,674.68,1,403,674.68,57,1,674.68,0,Occasional Customers
13466.0,307.9,1,259,307.9,183,1,307.9,1,Low Value Customers
13467.0,1071.91,2,580,535.955,10,2,1071.91,0,Occasional Customers
13468.0,5704.97,37,2589,154.1883783783784,1,37,5704.97,3,Regular Customers
13470.0,165.0,2,100,82.5,98,2,165.0,0,Occasional Customers
13471.0,2501.84,4,1583,625.46,0,4,2501.84,0,Occasional Customers
13473.0,422.64,2,266,211.32,60,2,422.64,0,Occasional Customers
13474.0,226.84,1,129,226.84,235,1,226.84,1,Low Value Customers
13475.0,1431.78,4,1012,357.945,190,4,1431.78,1,Low Value Customers
13476.0,1238.47,2,417,619.235,178,2,1238.47,1,Low Value Customers
13477.0,1454.58,6,1021,242.42999999999998,37,6,1454.58,0,Occasional Customers
13479.0,300.95,2,134,150.475,200,2,300.95,1,Low Value Customers
13481.0,1804.56,5,1142,360.912,45,5,1804.56,0,Occasional Customers
13482.0,184.64,1,116,184.64,231,1,184.64,1,Low Value Customers
13483.0,140.34,1,160,140.34,65,1,140.34,0,Occasional Customers
13484.0,313.8,1,44,313.8,240,1,313.8,1,Low Value Customers
13485.0,454.24,1,277,454.24,232,1,454.24,1,Low Value Customers
13486.0,1122.41,3,669,374.1366666666667,77,3,1122.41,0,Occasional Customers
13487.0,575.4,3,265,191.79999999999998,57,3,575.4,0,Occasional Customers
13488.0,8968.31,13,4518,689.87,16,13,8968.31,3,Regular Customers
13489.0,449.52,4,560,112.38,104,4,449.52,0,Occasional Customers
13491.0,1215.82,10,903,121.582,51,10,1215.82,0,Occasional Customers
13492.0,1269.84,3,408,423.28,135,3,1269.84,0,Occasional Customers
13493.0,618.63,2,380,309.315,274,2,618.63,1,Low Value Customers
13494.0,316.26000000000005,1,162,316.26000000000005,311,1,316.26000000000005,1,Low Value Customers
13495.0,2044.8700000000001,5,829,408.97400000000005,7,5,2044.8700000000001,0,Occasional Customers
13496.0,653.33,2,341,326.665,10,2,653.33,0,Occasional Customers
13497.0,348.05,2,163,174.025,282,2,348.05,1,Low Value Customers
13499.0,1159.11,5,1365,231.82199999999997,17,5,1159.11,0,Occasional Customers
13500.0,1166.77,3,609,388.92333333333335,22,3,1166.77,0,Occasional Customers
13501.0,1340.32,1,560,1340.32,287,1,1340.32,1,Low Value Customers
13502.0,292.0,3,264,97.33333333333333,16,3,292.0,0,Occasional Customers
13503.0,216.85,1,248,216.85,70,1,216.85,0,Occasional Customers
13504.0,295.93,1,178,295.93,63,1,295.93,0,Occasional Customers
13505.0,4393.63,4,2486,1098.4075,72,4,4393.63,0,Occasional Customers
13506.0,458.52,2,324,229.26,315,2,458.52,1,Low Value Customers
13507.0,2479.16,4,1597,619.79,2,4,2479.16,0,Occasional Customers
13508.0,110.97,1,24,110.97,243,1,110.97,1,Low Value Customers
13509.0,979.72,7,1106,139.96,8,7,979.72,0,Occasional Customers
13510.0,1791.56,4,1386,447.89,0,4,1791.56,0,Occasional Customers
13512.0,251.21,1,143,251.21,260,1,251.21,1,Low Value Customers
13513.0,205.1,1,109,205.1,126,1,205.1,0,Occasional Customers
13514.0,152.20000000000002,1,40,152.20000000000002,73,1,152.20000000000002,0,Occasional Customers
13515.0,891.12,4,681,222.78,72,4,891.12,0,Occasional Customers
13516.0,1389.41,3,985,463.1366666666667,20,3,1389.41,0,Occasional Customers
13517.0,2128.42,3,1369,709.4733333333334,59,3,2128.42,0,Occasional Customers
13518.0,627.16,1,382,627.16,85,1,627.16,0,Occasional Customers
13519.0,122.75,1,23,122.75,77,1,122.75,0,Occasional Customers
13520.0,3624.35,6,1649,604.0583333333333,58,6,3624.35,0,Occasional Customers
13521.0,1071.73,3,718,357.24333333333334,0,3,1071.73,0,Occasional Customers
13522.0,125.80000000000001,1,44,125.80000000000001,29,1,125.80000000000001,0,Occasional Customers
13523.0,3964.88,5,1752,792.976,32,5,3964.88,0,Occasional Customers
13524.0,680.1800000000001,5,324,136.036,40,5,680.1800000000001,0,Occasional Customers
13525.0,628.78,2,394,314.39,14,2,628.78,0,Occasional Customers
13527.0,2242.36,7,1683,320.33714285714285,33,7,2242.36,0,Occasional Customers
13529.0,307.76,2,74,153.88,78,2,307.76,0,Occasional Customers
13531.0,483.8,2,174,241.9,204,2,483.8,1,Low Value Customers
13532.0,210.31,1,129,210.31,33,1,210.31,0,Occasional Customers
13533.0,269.09,3,202,89.69666666666666,182,3,269.09,1,Low Value Customers
13534.0,5870.08,25,2961,234.8032,1,25,5870.08,3,Regular Customers
13536.0,3444.39,7,2126,492.05571428571426,0,7,3444.39,0,Occasional Customers
13538.0,1280.85,7,175,182.97857142857143,42,7,1280.85,0,Occasional Customers
13539.0,631.34,3,320,210.4466666666667,85,3,631.34,0,Occasional Customers
13544.0,276.06,2,112,138.03,39,2,276.06,0,Occasional Customers
13546.0,621.09,3,357,207.03,11,3,621.09,0,Occasional Customers
13548.0,678.16,2,436,339.08,95,2,678.16,0,Occasional Customers
13549.0,918.2,7,458,131.17142857142858,25,7,918.2,0,Occasional Customers
13551.0,91.80000000000001,1,12,91.80000000000001,318,1,91.80000000000001,1,Low Value Customers
13552.0,3740.07,12,1417,311.6725,65,12,3740.07,0,Occasional Customers
13555.0,4098.88,4,2636,1024.72,73,4,4098.88,0,Occasional Customers
13557.0,584.06,2,546,292.03,27,2,584.06,0,Occasional Customers
13558.0,594.52,4,338,148.63,5,4,594.52,0,Occasional Customers
13560.0,171.42000000000002,1,63,171.42000000000002,6,1,171.42000000000002,0,Occasional Customers
13561.0,141.85999999999999,1,83,141.85999999999999,215,1,141.85999999999999,1,Low Value Customers
13562.0,1799.33,3,757,599.7766666666666,81,3,1799.33,0,Occasional Customers
13563.0,777.53,2,209,388.765,83,2,777.53,0,Occasional Customers
13564.0,1724.67,3,636,574.89,143,3,1724.67,0,Occasional Customers
13565.0,240.22,2,172,120.11,18,2,240.22,0,Occasional Customers
13566.0,856.84,2,567,428.42,40,2,856.84,0,Occasional Customers
13568.0,187.05,1,66,187.05,172,1,187.05,1,Low Value Customers
13569.0,338.62,2,156,169.31,16,2,338.62,0,Occasional Customers
13570.0,239.49,1,161,239.49,242,1,239.49,1,Low Value Customers
13571.0,2088.94,12,1757,174.07833333333335,12,12,2088.94,0,Occasional Customers
13572.0,1384.25,1,534,1384.25,205,1,1384.25,1,Low Value Customers
13573.0,290.25,2,302,145.125,49,2,290.25,0,Occasional Customers
13575.0,732.0699999999999,5,449,146.414,22,5,732.0699999999999,0,Occasional Customers
13576.0,6717.34,18,2646,373.18555555555554,9,18,6717.34,3,Regular Customers
13577.0,1687.6000000000001,4,791,421.90000000000003,24,4,1687.6000000000001,0,Occasional Customers
13579.0,467.04,2,176,233.52,14,2,467.04,0,Occasional Customers
13581.0,118.0,1,30,118.0,308,1,118.0,1,Low Value Customers
13583.0,781.03,1,725,781.03,155,1,781.03,1,Low Value Customers
13584.0,142.4,1,37,142.4,306,1,142.4,1,Low Value Customers
13587.0,712.4,1,180,712.4,63,1,712.4,0,Occasional Customers
13588.0,2478.95,9,2606,275.43888888888887,15,9,2478.95,0,Occasional Customers
13589.0,379.65,2,114,189.825,14,2,379.65,0,Occasional Customers
13590.0,1981.92,6,1848,330.32,10,6,1981.92,0,Occasional Customers
13591.0,1117.13,3,485,372.3766666666667,64,3,1117.13,0,Occasional Customers
13592.0,247.95999999999998,4,84,61.989999999999995,35,4,247.95999999999998,0,Occasional Customers
13593.0,2011.88,5,719,402.37600000000003,107,5,2011.88,0,Occasional Customers
13594.0,396.97,1,359,396.97,52,1,396.97,0,Occasional Customers
13596.0,664.11,2,384,332.055,5,2,664.11,0,Occasional Customers
13598.0,160.04,1,52,160.04,46,1,160.04,0,Occasional Customers
13599.0,5149.92,21,3293,245.2342857142857,0,21,5149.92,3,Regular Customers
13600.0,219.52,1,324,219.52,311,1,219.52,1,Low Value Customers
13601.0,693.32,2,548,346.66,44,2,693.32,0,Occasional Customers
13602.0,428.89,1,267,428.89,64,1,428.89,0,Occasional Customers
13603.0,164.34,1,164,164.34,25,1,164.34,0,Occasional Customers
13606.0,276.75,3,276,92.25,28,3,276.75,0,Occasional Customers
13607.0,675.51,1,288,675.51,39,1,675.51,0,Occasional Customers
13610.0,1082.33,7,488,154.6185714285714,11,7,1082.33,0,Occasional Customers
13611.0,1154.4,3,754,384.8,88,3,1154.4,0,Occasional Customers
13614.0,1585.46,4,564,396.365,23,4,1585.46,0,Occasional Customers
13615.0,417.69,1,189,417.69,318,1,417.69,1,Low Value Customers
13617.0,544.18,3,300,181.39333333333332,39,3,544.18,0,Occasional Customers
13618.0,177.34,1,246,177.34,173,1,177.34,1,Low Value Customers
13621.0,213.85,1,343,213.85,116,1,213.85,0,Occasional Customers
13623.0,727.74,5,286,145.548,30,5,727.74,0,Occasional Customers
13626.0,257.23,1,209,257.23,252,1,257.23,1,Low Value Customers
13627.0,1638.47,5,1269,327.694,58,5,1638.47,0,Occasional Customers
13629.0,7792.36,11,4372,708.3963636363636,22,11,7792.36,0,Occasional Customers
13630.0,2031.78,7,1391,290.2542857142857,4,7,2031.78,0,Occasional Customers
13631.0,3070.42,11,467,279.1290909090909,99,11,3070.42,0,Occasional Customers
13632.0,2118.93,5,1031,423.78599999999994,24,5,2118.93,0,Occasional Customers
13634.0,1547.3600000000001,5,700,309.47200000000004,32,5,1547.3600000000001,0,Occasional Customers
13635.0,1071.03,1,677,1071.03,67,1,1071.03,0,Occasional Customers
13636.0,949.12,5,592,189.824,36,5,949.12,0,Occasional Customers
13637.0,804.3,3,405,268.09999999999997,51,3,804.3,0,Occasional Customers
13638.0,122.64,1,93,122.64,15,1,122.64,0,Occasional Customers
13639.0,1033.34,1,800,1033.34,73,1,1033.34,0,Occasional Customers
13642.0,312.28,1,151,312.28,215,1,312.28,1,Low Value Customers
13643.0,519.44,3,273,173.14666666666668,30,3,519.44,0,Occasional Customers
13644.0,2624.26,4,2067,656.065,15,4,2624.26,0,Occasional Customers
13645.0,252.1,1,158,252.1,119,1,252.1,0,Occasional Customers
13647.0,1648.1200000000001,4,887,412.03000000000003,9,4,1648.1200000000001,0,Occasional Customers
13649.0,346.6,2,139,173.3,256,2,346.6,1,Low Value Customers
13650.0,1836.34,6,922,306.0566666666667,16,6,1836.34,0,Occasional Customers
13651.0,94.2,2,33,47.1,34,2,94.2,0,Occasional Customers
13652.0,1095.08,3,578,365.02666666666664,45,3,1095.08,0,Occasional Customers
13654.0,2707.33,6,2182,451.22166666666664,42,6,2707.33,0,Occasional Customers
13655.0,932.97,2,605,466.485,113,2,932.97,0,Occasional Customers
13656.0,379.65,2,490,189.825,164,2,379.65,1,Low Value Customers
13657.0,382.14,2,209,191.07,10,2,382.14,0,Occasional Customers
13658.0,2639.17,5,1019,527.8340000000001,9,5,2639.17,0,Occasional Customers
13659.0,1563.0,2,882,781.5,205,2,1563.0,1,Low Value Customers
13662.0,881.26,3,533,293.75333333333333,85,3,881.26,0,Occasional Customers
13663.0,189.47,1,91,189.47,178,1,189.47,1,Low Value Customers
13666.0,84.65,3,41,28.21666666666667,59,3,84.65,0,Occasional Customers
13667.0,299.05,1,149,299.05,148,1,299.05,1,Low Value Customers
13668.0,6309.83,21,3722,300.46809523809526,2,21,6309.83,3,Regular Customers
13669.0,218.55,2,237,109.275,50,2,218.55,0,Occasional Customers
13670.0,349.7,1,282,349.7,74,1,349.7,0,Occasional Customers
13672.0,186.39000000000001,2,57,93.19500000000001,300,2,186.39000000000001,1,Low Value Customers
13673.0,387.44,2,114,193.72,18,2,387.44,0,Occasional Customers
13675.0,486.82000000000005,2,330,243.41000000000003,150,2,486.82000000000005,1,Low Value Customers
13678.0,232.6,1,924,232.6,151,1,232.6,1,Low Value Customers
13680.0,3719.12,4,1934,929.78,0,4,3719.12,0,Occasional Customers
13681.0,827.83,4,360,206.9575,17,4,827.83,0,Occasional Customers
13682.0,59.5,1,10,59.5,186,1,59.5,1,Low Value Customers
13684.0,65.13,1,38,65.13,285,1,65.13,1,Low Value Customers
13685.0,3119.44,7,5056,445.63428571428574,2,7,3119.44,0,Occasional Customers
13686.0,72.0,1,70,72.0,182,1,72.0,1,Low Value Customers
13689.0,910.0,1,512,910.0,62,1,910.0,0,Occasional Customers
13690.0,172.25,1,67,172.25,58,1,172.25,0,Occasional Customers
13692.0,1488.32,3,1226,496.1066666666666,24,3,1488.32,0,Occasional Customers
13694.0,65039.62,50,63312,1300.7924,3,50,65039.62,3,Regular Customers
13695.0,2504.13,15,1603,166.942,30,15,2504.13,0,Occasional Customers
13697.0,151.29999999999998,1,177,151.29999999999998,38,1,151.29999999999998,0,Occasional Customers
13699.0,308.58000000000004,1,66,308.58000000000004,154,1,308.58000000000004,1,Low Value Customers
13700.0,2248.63,10,2281,224.863,25,10,2248.63,0,Occasional Customers
13703.0,99.5,1,10,99.5,317,1,99.5,1,Low Value Customers
13704.0,2308.06,9,1531,256.4511111111111,4,9,2308.06,0,Occasional Customers
13705.0,711.86,3,363,237.28666666666666,7,3,711.86,0,Occasional Customers
13706.0,330.79,1,189,330.79,302,1,330.79,1,Low Value Customers
13707.0,806.41,2,351,403.205,266,2,806.41,1,Low Value Customers
13708.0,285.33,1,301,285.33,270,1,285.33,1,Low Value Customers
13709.0,6307.650000000001,13,3508,485.2038461538462,3,13,6307.650000000001,0,Occasional Customers
13710.0,180.48,1,176,180.48,31,1,180.48,0,Occasional Customers
13711.0,252.06,2,140,126.03,218,2,252.06,1,Low Value Customers
13712.0,228.84,1,352,228.84,246,1,228.84,1,Low Value Customers
13715.0,1077.39,5,562,215.478,280,5,1077.39,1,Low Value Customers
13716.0,138.28,1,138,138.28,268,1,138.28,1,Low Value Customers
13717.0,1445.01,6,1959,240.835,31,6,1445.01,0,Occasional Customers
13718.0,306.55,2,173,153.275,245,2,306.55,1,Low Value Customers
13719.0,1041.68,5,609,208.336,14,5,1041.68,0,Occasional Customers
13720.0,799.9,4,501,199.975,116,4,799.9,0,Occasional Customers
13721.0,524.14,1,316,524.14,35,1,524.14,0,Occasional Customers
13722.0,2375.41,3,1401,791.8033333333333,131,3,2375.41,0,Occasional Customers
13723.0,199.85000000000002,1,43,199.85000000000002,216,1,199.85000000000002,1,Low Value Customers
13725.0,1980.56,8,806,247.57,49,8,1980.56,0,Occasional Customers
13726.0,1079.6599999999999,2,1054,539.8299999999999,38,2,1079.6599999999999,0,Occasional Customers
13727.0,333.48,2,162,166.74,28,2,333.48,0,Occasional Customers
13728.0,1016.14,6,458,169.35666666666665,36,6,1016.14,0,Occasional Customers
13730.0,752.6,2,488,376.3,135,2,752.6,0,Occasional Customers
13731.0,610.59,2,278,305.295,218,2,610.59,1,Low Value Customers
13732.0,491.86,1,498,491.86,27,1,491.86,0,Occasional Customers
13735.0,2883.54,4,1128,720.885,24,4,2883.54,0,Occasional Customers
13736.0,729.8,2,496,364.9,4,2,729.8,0,Occasional Customers
13737.0,339.59999999999997,1,125,339.59999999999997,199,1,339.59999999999997,1,Low Value Customers
13739.0,216.9,1,54,216.9,17,1,216.9,0,Occasional Customers
13740.0,350.75,1,425,350.75,240,1,350.75,1,Low Value Customers
13741.0,668.4300000000001,3,218,222.81000000000003,71,3,668.4300000000001,0,Occasional Customers
13742.0,3107.87,12,1115,258.9891666666667,16,12,3107.87,0,Occasional Customers
13743.0,1341.6,7,1776,191.65714285714284,2,7,1341.6,0,Occasional Customers
13744.0,1080.52,2,1153,540.26,94,2,1080.52,0,Occasional Customers
13745.0,300.04,1,496,300.04,161,1,300.04,1,Low Value Customers
13747.0,79.6,1,8,79.6,373,1,79.6,1,Low Value Customers
13748.0,948.25,5,439,189.65,95,5,948.25,0,Occasional Customers
13750.0,1647.26,5,516,329.452,53,5,1647.26,0,Occasional Customers
13751.0,296.25,1,152,296.25,287,1,296.25,1,Low Value Customers
13752.0,1175.38,6,874,195.89666666666668,123,6,1175.38,0,Occasional Customers
13753.0,741.26,1,512,741.26,287,1,741.26,1,Low Value Customers
13754.0,282.59999999999997,2,214,141.29999999999998,151,2,282.59999999999997,1,Low Value Customers
13755.0,2108.06,9,1242,234.2288888888889,3,9,2108.06,0,Occasional Customers
13756.0,5189.52,14,3188,370.68,1,14,5189.52,3,Regular Customers
13758.0,3190.55,7,1844,455.79285714285714,11,7,3190.55,0,Occasional Customers
13759.0,659.4100000000001,2,287,329.70500000000004,32,2,659.4100000000001,0,Occasional Customers
13760.0,286.79,2,197,143.395,53,2,286.79,0,Occasional Customers
13761.0,1070.65,2,642,535.325,49,2,1070.65,0,Occasional Customers
13762.0,306.72,1,272,306.72,218,1,306.72,1,Low Value Customers
13763.0,1714.96,1,728,1714.96,62,1,1714.96,0,Occasional Customers
13764.0,1519.42,3,926,506.47333333333336,70,3,1519.42,0,Occasional Customers
13767.0,17220.36,37,7322,465.41513513513513,1,37,17220.36,3,Regular Customers
13769.0,2796.51,10,1163,279.651,1,10,2796.51,0,Occasional Customers
13771.0,2634.45,4,1477,658.6125,63,4,2634.45,0,Occasional Customers
13772.0,1122.63,3,540,374.21000000000004,33,3,1122.63,0,Occasional Customers
13774.0,345.0,1,192,345.0,81,1,345.0,0,Occasional Customers
13777.0,25977.16,33,12897,787.1866666666666,0,33,25977.16,3,Regular Customers
13778.0,178.7,1,70,178.7,102,1,178.7,0,Occasional Customers
13780.0,360.01,2,318,180.005,6,2,360.01,0,Occasional Customers
13781.0,127.84,1,30,127.84,250,1,127.84,1,Low Value Customers
13782.0,908.86,6,369,151.47666666666666,12,6,908.86,0,Occasional Customers
13784.0,2462.79,11,2493,223.89,9,11,2462.79,0,Occasional Customers
13786.0,230.39999999999998,1,136,230.39999999999998,366,1,230.39999999999998,1,Low Value Customers
13787.0,309.04,2,337,154.52,75,2,309.04,0,Occasional Customers
13790.0,348.8,1,748,348.8,3,1,348.8,0,Occasional Customers
13791.0,1516.0,2,1200,758.0,127,2,1516.0,0,Occasional Customers
13792.0,195.55,2,92,97.775,65,2,195.55,0,Occasional Customers
13798.0,37153.85,57,23948,651.8219298245614,0,57,37153.85,3,Regular Customers
13799.0,688.86,2,402,344.43,116,2,688.86,0,Occasional Customers
13800.0,558.32,1,331,558.32,309,1,558.32,1,Low Value Customers
13801.0,324.8,1,168,324.8,66,1,324.8,0,Occasional Customers
13802.0,4599.42,3,2572,1533.14,138,3,4599.42,0,Occasional Customers
13803.0,277.07,1,121,277.07,254,1,277.07,1,Low Value Customers
13804.0,2588.39,7,1462,369.77,30,7,2588.39,0,Occasional Customers
13805.0,924.6,2,1900,462.3,51,2,924.6,0,Occasional Customers
13806.0,256.38,1,56,256.38,63,1,256.38,0,Occasional Customers
13807.0,112.6,1,36,112.6,366,1,112.6,1,Low Value Customers
13808.0,1747.66,5,782,349.53200000000004,5,5,1747.66,0,Occasional Customers
13809.0,155.05,1,29,155.05,304,1,155.05,1,Low Value Customers
13810.0,1499.01,3,312,499.67,28,3,1499.01,0,Occasional Customers
13811.0,814.5,3,68,271.5,183,3,814.5,1,Low Value Customers
13812.0,539.0,3,333,179.66666666666666,41,3,539.0,0,Occasional Customers
13813.0,1366.8600000000001,4,552,341.71500000000003,39,4,1366.8600000000001,0,Occasional Customers
13814.0,1579.12,2,864,789.56,91,2,1579.12,0,Occasional Customers
13815.0,4027.36,4,2560,1006.84,21,4,4027.36,0,Occasional Customers
13816.0,571.6700000000001,2,269,285.83500000000004,23,2,571.6700000000001,0,Occasional Customers
13817.0,382.98,2,211,191.49,28,2,382.98,0,Occasional Customers
13819.0,1140.35,3,1109,380.1166666666666,301,3,1140.35,1,Low Value Customers
13821.0,385.64,2,153,192.82,144,2,385.64,1,Low Value Customers
13822.0,632.0,2,611,316.0,5,2,632.0,0,Occasional Customers
13823.0,957.66,2,439,478.83,18,2,957.66,0,Occasional Customers
13824.0,1698.94,5,768,339.788,32,5,1698.94,0,Occasional Customers
13826.0,189.5,1,82,189.5,175,1,189.5,1,Low Value Customers
13827.0,409.8,3,138,136.6,57,3,409.8,0,Occasional Customers
13828.0,209.49,1,311,209.49,21,1,209.49,0,Occasional Customers
13831.0,2198.45,6,743,366.4083333333333,15,6,2198.45,0,Occasional Customers
13832.0,52.199999999999996,1,28,52.199999999999996,18,1,52.199999999999996,0,Occasional Customers
13833.0,383.85,1,117,383.85,158,1,383.85,1,Low Value Customers
13835.0,834.57,4,442,208.6425,24,4,834.57,0,Occasional Customers
13837.0,266.59000000000003,2,182,133.29500000000002,211,2,266.59000000000003,1,Low Value Customers
13838.0,674.82,4,254,168.705,5,4,674.82,0,Occasional Customers
13841.0,85.0,1,100,85.0,252,1,85.0,1,Low Value Customers
13842.0,3385.62,9,1768,376.18,58,9,3385.62,0,Occasional Customers
13844.0,361.62,1,196,361.62,10,1,361.62,0,Occasional Customers
13845.0,312.98,1,182,312.98,64,1,312.98,0,Occasional Customers
13846.0,865.0600000000001,3,388,288.35333333333335,24,3,865.0600000000001,0,Occasional Customers
13848.0,1255.0,3,3700,418.3333333333333,91,3,1255.0,0,Occasional Customers
13849.0,1537.95,2,1016,768.975,51,2,1537.95,0,Occasional Customers
13850.0,1595.48,1,944,1595.48,128,1,1595.48,0,Occasional Customers
13851.0,2651.46,3,1705,883.82,95,3,2651.46,0,Occasional Customers
13853.0,1090.14,1,312,1090.14,56,1,1090.14,0,Occasional Customers
13854.0,8109.5199999999995,25,2296,324.38079999999997,8,25,8109.5199999999995,3,Regular Customers
13856.0,388.5,3,494,129.5,168,3,388.5,1,Low Value Customers
13858.0,216.17,1,75,216.17,56,1,216.17,0,Occasional Customers
13859.0,201.16,1,129,201.16,325,1,201.16,1,Low Value Customers
13860.0,1245.9,5,591,249.18,0,5,1245.9,0,Occasional Customers
13862.0,2209.36,8,1688,276.17,17,8,2209.36,0,Occasional Customers
13863.0,305.78,1,224,305.78,247,1,305.78,1,Low Value Customers
13865.0,501.56,4,204,125.39,57,4,501.56,0,Occasional Customers
13866.0,145.67000000000002,1,57,145.67000000000002,73,1,145.67000000000002,0,Occasional Customers
13867.0,1005.09,3,501,335.03000000000003,30,3,1005.09,0,Occasional Customers
13868.0,3192.54,2,1964,1596.27,6,2,3192.54,0,Occasional Customers
13869.0,3083.65,4,1709,770.9125,122,4,3083.65,0,Occasional Customers
13870.0,2770.94,8,1325,346.3675,1,8,2770.94,0,Occasional Customers
13871.0,6403.25,13,2806,492.5576923076923,22,13,6403.25,0,Occasional Customers
13873.0,389.6,3,140,129.86666666666667,119,3,389.6,0,Occasional Customers
13874.0,540.45,1,180,540.45,357,1,540.45,1,Low Value Customers
13875.0,1786.79,5,1316,357.358,53,5,1786.79,0,Occasional Customers
13876.0,122.7,1,36,122.7,63,1,122.7,0,Occasional Customers
13877.0,117.24,1,108,117.24,85,1,117.24,0,Occasional Customers
13878.0,1271.57,1,463,1271.57,54,1,1271.57,0,Occasional Customers
13880.0,3219.77,13,1842,247.67461538461538,20,13,3219.77,0,Occasional Customers
13881.0,17159.52,20,10118,857.976,3,20,17159.52,3,Regular Customers
13882.0,1191.13,5,953,238.22600000000003,2,5,1191.13,0,Occasional Customers
13883.0,2674.48,5,1436,534.896,10,5,2674.48,0,Occasional Customers
13884.0,787.6,5,300,157.52,6,5,787.6,0,Occasional Customers
13885.0,506.8,2,182,253.4,188,2,506.8,1,Low Value Customers
13886.0,243.56,1,126,243.56,70,1,243.56,0,Occasional Customers
13887.0,349.55,1,147,349.55,203,1,349.55,1,Low Value Customers
13888.0,595.67,2,254,297.835,119,2,595.67,0,Occasional Customers
13889.0,416.90000000000003,1,146,416.90000000000003,92,1,416.90000000000003,0,Occasional Customers
13890.0,1883.8100000000002,10,831,188.38100000000003,0,10,1883.8100000000002,0,Occasional Customers
13892.0,632.97,4,983,158.2425,26,4,632.97,0,Occasional Customers
13893.0,821.1,1,190,821.1,297,1,821.1,1,Low Value Customers
13894.0,564.62,3,354,188.20666666666668,23,3,564.62,0,Occasional Customers
13895.0,2593.07,4,1365,648.2675,27,4,2593.07,0,Occasional Customers
13897.0,311.16,1,200,311.16,49,1,311.16,0,Occasional Customers
13898.0,155.93,1,133,155.93,325,1,155.93,1,Low Value Customers
13899.0,388.52,2,156,194.26,15,2,388.52,0,Occasional Customers
13900.0,740.95,3,430,246.98333333333335,182,3,740.95,1,Low Value Customers
13901.0,2867.2,5,1739,573.4399999999999,71,5,2867.2,0,Occasional Customers
13904.0,332.64,2,332,166.32,36,2,332.64,0,Occasional Customers
13908.0,2369.55,4,1478,592.3875,79,4,2369.55,0,Occasional Customers
13911.0,2580.91,9,2731,286.7677777777778,56,9,2580.91,0,Occasional Customers
13914.0,626.45,2,380,313.225,11,2,626.45,0,Occasional Customers
13917.0,272.04,2,228,136.02,49,2,272.04,0,Occasional Customers
13918.0,1212.8400000000001,2,1140,606.4200000000001,49,2,1212.8400000000001,0,Occasional Customers
13919.0,384.81,2,474,192.405,58,2,384.81,0,Occasional Customers
13922.0,172.25,1,93,172.25,351,1,172.25,1,Low Value Customers
13923.0,351.13,1,185,351.13,53,1,351.13,0,Occasional Customers
13924.0,1838.8500000000001,6,1575,306.475,1,6,1838.8500000000001,0,Occasional Customers
13925.0,678.25,4,331,169.5625,92,4,678.25,0,Occasional Customers
13926.0,223.85000000000002,1,104,223.85000000000002,22,1,223.85000000000002,0,Occasional Customers
13927.0,348.99,1,214,348.99,74,1,348.99,0,Occasional Customers
13928.0,464.57,4,129,116.1425,10,4,464.57,0,Occasional Customers
13929.0,842.65,2,143,421.325,168,2,842.65,1,Low Value Customers
13930.0,337.34,2,274,168.67,57,2,337.34,0,Occasional Customers
13931.0,1237.53,2,725,618.765,95,2,1237.53,0,Occasional Customers
13932.0,307.4,1,72,307.4,294,1,307.4,1,Low Value Customers
13933.0,608.7900000000001,2,205,304.39500000000004,108,2,608.7900000000001,0,Occasional Customers
13934.0,922.1,1,390,922.1,263,1,922.1,1,Low Value Customers
13936.0,376.58,1,330,376.58,179,1,376.58,1,Low Value Customers
13937.0,158.85,1,123,158.85,168,1,158.85,1,Low Value Customers
13938.0,71.66,1,70,71.66,34,1,71.66,0,Occasional Customers
13939.0,568.55,3,847,189.51666666666665,22,3,568.55,0,Occasional Customers
13940.0,839.14,4,516,209.785,16,4,839.14,0,Occasional Customers
13941.0,5112.96,5,2364,1022.592,21,5,5112.96,0,Occasional Customers
13946.0,561.5699999999999,3,443,187.18999999999997,78,3,561.5699999999999,0,Occasional Customers
13947.0,90.6,1,44,90.6,64,1,90.6,0,Occasional Customers
13948.0,102.0,1,40,102.0,360,1,102.0,1,Low Value Customers
13949.0,2427.32,6,2474,404.55333333333334,2,6,2427.32,0,Occasional Customers
13950.0,745.06,4,323,186.265,10,4,745.06,0,Occasional Customers
13951.0,674.45,3,459,224.8166666666667,175,3,674.45,1,Low Value Customers
13952.0,3251.071,2,1431,1625.5355,217,2,3251.071,1,Low Value Customers
13953.0,3515.68,7,2724,502.23999999999995,6,7,3515.68,0,Occasional Customers
13954.0,439.92,2,150,219.96,1,2,439.92,0,Occasional Customers
13955.0,322.96,2,154,161.48,153,2,322.96,1,Low Value Customers
13956.0,1019.27,5,486,203.85399999999998,4,5,1019.27,0,Occasional Customers
13959.0,594.04,3,355,198.01333333333332,78,3,594.04,0,Occasional Customers
13960.0,230.22,2,142,115.11,20,2,230.22,0,Occasional Customers
13962.0,169.55,2,87,84.775,21,2,169.55,0,Occasional Customers
13963.0,664.54,4,460,166.135,307,4,664.54,1,Low Value Customers
13967.0,80.7,1,42,80.7,145,1,80.7,1,Low Value Customers
13969.0,9024.17,18,4528,501.34277777777777,6,18,9024.17,3,Regular Customers
13971.0,2758.26,8,1844,344.7825,18,8,2758.26,0,Occasional Customers
13972.0,190.25,2,187,95.125,70,2,190.25,0,Occasional Customers
13973.0,264.7,1,109,264.7,286,1,264.7,1,Low Value Customers
13974.0,413.59000000000003,1,249,413.59000000000003,48,1,413.59000000000003,0,Occasional Customers
13975.0,2461.2400000000002,6,1697,410.2066666666667,30,6,2461.2400000000002,0,Occasional Customers
13976.0,357.98,1,154,357.98,206,1,357.98,1,Low Value Customers
13978.0,196.79000000000002,2,315,98.39500000000001,14,2,196.79000000000002,0,Occasional Customers
13979.0,869.87,1,639,869.87,72,1,869.87,0,Occasional Customers
13980.0,200.14,1,172,200.14,59,1,200.14,0,Occasional Customers
13982.0,1871.81,4,1136,467.9525,38,4,1871.81,0,Occasional Customers
13983.0,2603.43,12,1183,216.9525,29,12,2603.43,0,Occasional Customers
13984.0,920.51,5,679,184.102,26,5,920.51,0,Occasional Customers
13985.0,7060.13,15,3445,470.67533333333336,3,15,7060.13,3,Regular Customers
13986.0,320.46,1,430,320.46,16,1,320.46,0,Occasional Customers
13988.0,4147.96,6,3044,691.3266666666667,19,6,4147.96,0,Occasional Customers
13989.0,1266.08,2,1313,633.04,65,2,1266.08,0,Occasional Customers
13990.0,311.3,1,190,311.3,212,1,311.3,1,Low Value Customers
13991.0,852.88,6,995,142.14666666666668,11,6,852.88,0,Occasional Customers
13992.0,76.8,1,64,76.8,29,1,76.8,0,Occasional Customers
13993.0,3466.36,9,900,385.1511111111111,42,9,3466.36,0,Occasional Customers
13994.0,2274.14,6,932,379.0233333333333,3,6,2274.14,0,Occasional Customers
13995.0,1393.69,5,879,278.738,14,5,1393.69,0,Occasional Customers
13999.0,3901.81,12,2243,325.1508333333333,9,12,3901.81,0,Occasional Customers
14000.0,635.66,1,710,635.66,210,1,635.66,1,Low Value Customers
14001.0,2043.0800000000002,3,962,681.0266666666668,45,3,2043.0800000000002,0,Occasional Customers
14002.0,529.73,2,877,264.865,133,2,529.73,0,Occasional Customers
14004.0,4582.64,7,2668,654.6628571428572,42,7,4582.64,0,Occasional Customers
14005.0,2874.72,5,2478,574.944,9,5,2874.72,0,Occasional Customers
14006.0,962.19,3,641,320.73,115,3,962.19,0,Occasional Customers
14009.0,695.61,2,365,347.805,197,2,695.61,1,Low Value Customers
14012.0,328.8,1,160,328.8,277,1,328.8,1,Low Value Customers
14013.0,473.02,3,462,157.67333333333332,109,3,473.02,0,Occasional Customers
14014.0,505.18,1,1076,505.18,76,1,505.18,0,Occasional Customers
14015.0,917.34,1,378,917.34,52,1,917.34,0,Occasional Customers
14016.0,4341.21,4,2125,1085.3025,161,4,4341.21,1,Low Value Customers
14019.0,1421.61,3,1037,473.86999999999995,46,3,1421.61,0,Occasional Customers
14020.0,642.8,2,441,321.4,16,2,642.8,0,Occasional Customers
14021.0,631.9,3,192,210.63333333333333,154,3,631.9,1,Low Value Customers
14022.0,440.0,1,487,440.0,224,1,440.0,1,Low Value Customers
14023.0,584.07,2,345,292.035,6,2,584.07,0,Occasional Customers
14024.0,327.7,2,150,163.85,121,2,327.7,0,Occasional Customers
14027.0,104.82,1,62,104.82,60,1,104.82,0,Occasional Customers
14029.0,467.66,2,198,233.83,62,2,467.66,0,Occasional Customers
14030.0,2358.84,8,1478,294.855,17,8,2358.84,0,Occasional Customers
14031.0,17286.86,19,5788,909.8347368421053,6,19,17286.86,3,Regular Customers
14032.0,2975.59,11,2032,270.5081818181818,1,11,2975.59,0,Occasional Customers
14034.0,648.89,3,420,216.29666666666665,21,3,648.89,0,Occasional Customers
14035.0,1428.02,5,739,285.604,28,5,1428.02,0,Occasional Customers
14036.0,626.65,1,268,626.65,284,1,626.65,1,Low Value Customers
14037.0,147.20000000000002,2,46,73.60000000000001,175,2,147.20000000000002,1,Low Value Customers
14038.0,1560.38,3,965,520.1266666666667,77,3,1560.38,0,Occasional Customers
14039.0,152.2,1,92,152.2,32,1,152.2,0,Occasional Customers
14040.0,3560.32,12,1544,296.6933333333333,40,12,3560.32,0,Occasional Customers
14041.0,141.41,1,94,141.41,265,1,141.41,1,Low Value Customers
14044.0,646.42,4,304,161.605,26,4,646.42,0,Occasional Customers
14045.0,1659.75,4,535,414.9375,108,4,1659.75,0,Occasional Customers
14046.0,154.99,1,460,154.99,283,1,154.99,1,Low Value Customers
14047.0,1308.6100000000001,5,381,261.72200000000004,8,5,1308.6100000000001,0,Occasional Customers
14048.0,409.93,1,288,409.93,304,1,409.93,1,Low Value Customers
14049.0,5578.72,4,3808,1394.68,16,4,5578.72,0,Occasional Customers
14050.0,746.36,2,689,373.18,31,2,746.36,0,Occasional Customers
14051.0,15610.390000000001,23,3756,678.7126086956522,0,23,15610.390000000001,3,Regular Customers
14052.0,225.36,1,89,225.36,19,1,225.36,0,Occasional Customers
14053.0,260.25,2,215,130.125,123,2,260.25,0,Occasional Customers
14054.0,92.46,1,62,92.46,64,1,92.46,0,Occasional Customers
14055.0,725.6400000000001,1,216,725.6400000000001,105,1,725.6400000000001,0,Occasional Customers
14056.0,8152.71,23,4252,354.46565217391304,0,23,8152.71,3,Regular Customers
14057.0,6211.66,17,4873,365.39176470588234,23,17,6211.66,3,Regular Customers
14059.0,183.6,1,128,183.6,266,1,183.6,1,Low Value Customers
14060.0,6140.42,19,5386,323.18,4,19,6140.42,3,Regular Customers
14062.0,10464.85,12,5593,872.0708333333333,9,12,10464.85,3,Regular Customers
14064.0,1334.34,5,1772,266.868,28,5,1334.34,0,Occasional Customers
14066.0,152.55,1,45,152.55,266,1,152.55,1,Low Value Customers
14067.0,374.7,2,361,187.35,63,2,374.7,0,Occasional Customers
14068.0,265.85,1,73,265.85,319,1,265.85,1,Low Value Customers
14071.0,1437.57,8,994,179.69625,3,8,1437.57,0,Occasional Customers
14073.0,151.04,1,130,151.04,31,1,151.04,0,Occasional Customers
14075.0,942.26,3,754,314.08666666666664,4,3,942.26,0,Occasional Customers
14076.0,118.67,1,79,118.67,128,1,118.67,0,Occasional Customers
14077.0,499.41999999999996,5,268,99.88399999999999,40,5,499.41999999999996,0,Occasional Customers
14078.0,1049.37,6,310,174.89499999999998,101,6,1049.37,0,Occasional Customers
14079.0,375.1,1,301,375.1,124,1,375.1,0,Occasional Customers
14080.0,45.599999999999994,1,48,45.599999999999994,32,1,45.599999999999994,0,Occasional Customers
14081.0,921.62,2,592,460.81,301,2,921.62,1,Low Value Customers
14082.0,182.25,1,110,182.25,364,1,182.25,1,Low Value Customers
14083.0,1002.9,9,705,111.43333333333334,3,9,1002.9,0,Occasional Customers
14085.0,4421.29,18,3177,245.62722222222223,1,18,4421.29,3,Regular Customers
14087.0,191.47,1,250,191.47,2,1,191.47,0,Occasional Customers
14088.0,50491.81,13,12665,3883.9853846153846,9,13,50491.81,3,Regular Customers
14089.0,158.75,1,133,158.75,56,1,158.75,0,Occasional Customers
14090.0,76.32000000000001,1,72,76.32000000000001,324,1,76.32000000000001,1,Low Value Customers
14092.0,4076.91,14,2066,291.2078571428571,7,14,4076.91,0,Occasional Customers
14093.0,433.86,1,391,433.86,11,1,433.86,0,Occasional Customers
14096.0,65164.79,17,16352,3833.2229411764706,3,17,65164.79,3,Regular Customers
14098.0,147.35,1,104,147.35,36,1,147.35,0,Occasional Customers
14099.0,3104.17,11,2179,282.1972727272727,15,11,3104.17,0,Occasional Customers
14100.0,191.95000000000002,1,63,191.95000000000002,137,1,191.95000000000002,0,Occasional Customers
14101.0,5976.79,6,6942,996.1316666666667,73,6,5976.79,0,Occasional Customers
14102.0,1105.8799999999999,5,769,221.176,4,5,1105.8799999999999,0,Occasional Customers
14104.0,216.20999999999998,2,72,108.10499999999999,154,2,216.20999999999998,1,Low Value Customers
14105.0,1266.23,1,800,1266.23,238,1,1266.23,1,Low Value Customers
14107.0,2703.23,7,1793,386.17571428571426,51,7,2703.23,0,Occasional Customers
14108.0,597.91,2,381,298.955,30,2,597.91,0,Occasional Customers
14109.0,144.2,1,88,144.2,72,1,144.2,0,Occasional Customers
14110.0,5683.15,12,2445,473.5958333333333,3,12,5683.15,0,Occasional Customers
14111.0,692.85,4,458,173.2125,13,4,692.85,0,Occasional Customers
14112.0,2915.15,7,1651,416.45,22,7,2915.15,0,Occasional Customers
14113.0,1840.42,4,745,460.105,3,4,1840.42,0,Occasional Customers
14114.0,386.53,2,101,193.265,273,2,386.53,1,Low Value Customers
14116.0,1382.74,5,707,276.548,19,5,1382.74,0,Occasional Customers
14117.0,90.0,1,72,90.0,143,1,90.0,1,Low Value Customers
14121.0,2780.15,4,2082,695.0375,3,4,2780.15,0,Occasional Customers
14124.0,419.58000000000004,1,1618,419.58000000000004,83,1,419.58000000000004,0,Occasional Customers
14125.0,2720.63,3,1628,906.8766666666667,10,3,2720.63,0,Occasional Customers
14126.0,706.1300000000001,3,508,235.3766666666667,7,3,706.1300000000001,0,Occasional Customers
14127.0,709.71,3,321,236.57000000000002,122,3,709.71,0,Occasional Customers
14128.0,637.5,2,564,318.75,60,2,637.5,0,Occasional Customers
14129.0,1123.8600000000001,5,592,224.77200000000002,1,5,1123.8600000000001,0,Occasional Customers
14130.0,480.91,1,257,480.91,318,1,480.91,1,Low Value Customers
14132.0,3586.0299999999997,11,3368,326.00272727272727,1,11,3586.0299999999997,0,Occasional Customers
14133.0,605.64,3,348,201.88,129,3,605.64,0,Occasional Customers
14135.0,4690.31,15,3850,312.68733333333336,1,15,4690.31,3,Regular Customers
14138.0,965.8800000000001,2,600,482.94000000000005,1,2,965.8800000000001,0,Occasional Customers
14139.0,415.82,1,510,415.82,45,1,415.82,0,Occasional Customers
14140.0,935.05,2,811,467.525,3,2,935.05,0,Occasional Customers
14141.0,915.13,4,355,228.7825,2,4,915.13,0,Occasional Customers
14142.0,311.81,1,313,311.81,372,1,311.81,1,Low Value Customers
14143.0,115.8,1,30,115.8,133,1,115.8,0,Occasional Customers
14145.0,3742.2,4,756,935.55,46,4,3742.2,0,Occasional Customers
14146.0,4191.0,5,2437,838.2,8,5,4191.0,0,Occasional Customers
14147.0,483.4,2,108,241.7,77,2,483.4,0,Occasional Customers
14148.0,157.2,1,16,157.2,233,1,157.2,1,Low Value Customers
14149.0,446.62,1,218,446.62,220,1,446.62,1,Low Value Customers
14150.0,658.64,2,496,329.32,35,2,658.64,0,Occasional Customers
14152.0,621.29,2,711,310.645,74,2,621.29,0,Occasional Customers
14154.0,1345.62,2,465,672.81,238,2,1345.62,1,Low Value Customers
14155.0,118.75,1,25,118.75,265,1,118.75,1,Low Value Customers
14156.0,117210.08,55,57768,2131.0923636363636,9,55,117210.08,2,VIP Customers
14157.0,424.89000000000004,2,271,212.44500000000002,19,2,424.89000000000004,0,Occasional Customers
14158.0,507.66,1,781,507.66,39,1,507.66,0,Occasional Customers
14159.0,4630.35,11,4348,420.94090909090914,19,11,4630.35,0,Occasional Customers
14161.0,1097.6200000000001,3,450,365.8733333333334,215,3,1097.6200000000001,1,Low Value Customers
14162.0,289.36,2,142,144.68,173,2,289.36,1,Low Value Customers
14163.0,2445.91,4,893,611.4775,86,4,2445.91,0,Occasional Customers
14164.0,1631.77,2,1033,815.885,70,2,1631.77,0,Occasional Customers
14165.0,120.44,1,53,120.44,275,1,120.44,1,Low Value Customers
14167.0,562.59,4,147,140.6475,38,4,562.59,0,Occasional Customers
14171.0,363.79,1,167,363.79,97,1,363.79,0,Occasional Customers
14173.0,450.84,4,150,112.71,10,4,450.84,0,Occasional Customers
14174.0,134.46,1,94,134.46,32,1,134.46,0,Occasional Customers
14175.0,3222.3,3,1515,1074.1000000000001,59,3,3222.3,0,Occasional Customers
14176.0,576.9000000000001,4,209,144.22500000000002,296,4,576.9000000000001,1,Low Value Customers
14177.0,549.46,4,204,137.365,85,4,549.46,0,Occasional Customers
14178.0,1600.26,7,1494,228.60857142857142,8,7,1600.26,0,Occasional Customers
14179.0,701.57,2,319,350.785,40,2,701.57,0,Occasional Customers
14180.0,4748.52,25,719,189.94080000000002,10,25,4748.52,3,Regular Customers
14184.0,452.89,1,127,452.89,66,1,452.89,0,Occasional Customers
14185.0,197.65,1,6,197.65,330,1,197.65,1,Low Value Customers
14188.0,2054.36,6,1162,342.3933333333334,30,6,2054.36,0,Occasional Customers
14189.0,4654.08,15,3937,310.272,1,15,4654.08,3,Regular Customers
14191.0,4684.76,13,3662,360.36615384615385,1,13,4684.76,0,Occasional Customers
14193.0,853.39,2,445,426.695,67,2,853.39,0,Occasional Customers
14194.0,11349.52,21,5840,540.4533333333334,4,21,11349.52,3,Regular Customers
14195.0,1012.0,2,760,506.0,201,2,1012.0,1,Low Value Customers
14196.0,335.52,1,142,335.52,106,1,335.52,0,Occasional Customers
14198.0,701.4,4,290,175.35,17,4,701.4,0,Occasional Customers
14199.0,185.39999999999998,1,28,185.39999999999998,217,1,185.39999999999998,1,Low Value Customers
14201.0,747.44,7,590,106.77714285714286,59,7,747.44,0,Occasional Customers
14204.0,150.61,1,72,150.61,1,1,150.61,0,Occasional Customers
14205.0,466.7,2,204,233.35,16,2,466.7,0,Occasional Customers
14206.0,328.15999999999997,1,276,328.15999999999997,238,1,328.15999999999997,1,Low Value Customers
14208.0,151.74,1,114,151.74,94,1,151.74,0,Occasional Customers
14209.0,2073.43,6,691,345.57166666666666,10,6,2073.43,0,Occasional Customers
14210.0,1905.8400000000001,6,760,317.64000000000004,105,6,1905.8400000000001,0,Occasional Customers
14211.0,2241.1,9,1242,249.0111111111111,52,9,2241.1,0,Occasional Customers
14212.0,1070.48,1,1152,1070.48,89,1,1070.48,0,Occasional Customers
14214.0,1004.38,5,751,200.876,30,5,1004.38,0,Occasional Customers
14215.0,1789.72,6,1358,298.2866666666667,11,6,1789.72,0,Occasional Customers
14216.0,1839.3,4,594,459.825,2,4,1839.3,0,Occasional Customers
14217.0,2004.98,17,689,117.94,1,17,2004.98,3,Regular Customers
14218.0,169.48000000000002,1,160,169.48000000000002,42,1,169.48000000000002,0,Occasional Customers
14219.0,89.94,1,78,89.94,3,1,89.94,0,Occasional Customers
14220.0,632.4,2,272,316.2,246,2,632.4,1,Low Value Customers
14221.0,3432.8,9,2191,381.4222222222222,41,9,3432.8,0,Occasional Customers
14222.0,683.17,1,607,683.17,176,1,683.17,1,Low Value Customers
14223.0,991.13,3,585,330.37666666666667,91,3,991.13,0,Occasional Customers
14224.0,1009.73,4,483,252.4325,109,4,1009.73,0,Occasional Customers
14226.0,2214.79,5,1296,442.95799999999997,28,5,2214.79,0,Occasional Customers
14227.0,3350.96,10,1820,335.096,25,10,3350.96,0,Occasional Customers
14229.0,1547.2,3,610,515.7333333333333,51,3,1547.2,0,Occasional Customers
14231.0,925.71,3,409,308.57,183,3,925.71,1,Low Value Customers
14232.0,2048.07,5,1941,409.61400000000003,42,5,2048.07,0,Occasional Customers
14233.0,1462.72,4,680,365.68,48,4,1462.72,0,Occasional Customers
14234.0,754.12,4,951,188.53,21,4,754.12,0,Occasional Customers
14235.0,3144.86,5,1959,628.972,74,5,3144.86,0,Occasional Customers
14236.0,490.86,2,310,245.43,80,2,490.86,0,Occasional Customers
14237.0,161.0,1,38,161.0,372,1,161.0,1,Low Value Customers
14238.0,146.85,1,111,146.85,325,1,146.85,1,Low Value Customers
14239.0,2380.85,11,993,216.4409090909091,42,11,2380.85,0,Occasional Customers
14240.0,890.34,2,418,445.17,29,2,890.34,0,Occasional Customers
14241.0,213.70000000000002,1,146,213.70000000000002,183,1,213.70000000000002,1,Low Value Customers
14242.0,280.55,2,123,140.275,234,2,280.55,1,Low Value Customers
14243.0,2588.77,10,1221,258.877,8,10,2588.77,0,Occasional Customers
14245.0,1693.45,2,976,846.725,219,2,1693.45,1,Low Value Customers
14246.0,1474.06,3,804,491.3533333333333,110,3,1474.06,0,Occasional Customers
14247.0,136.76999999999998,1,47,136.76999999999998,277,1,136.76999999999998,1,Low Value Customers
14248.0,302.58,1,102,302.58,317,1,302.58,1,Low Value Customers
14250.0,1904.05,3,1200,634.6833333333333,6,3,1904.05,0,Occasional Customers
14251.0,2879.7000000000003,5,1674,575.94,1,5,2879.7000000000003,0,Occasional Customers
14256.0,969.0600000000001,2,414,484.53000000000003,259,2,969.0600000000001,1,Low Value Customers
14257.0,3099.7200000000003,5,1682,619.9440000000001,63,5,3099.7200000000003,0,Occasional Customers
14258.0,12669.98,9,7100,1407.7755555555555,8,9,12669.98,0,Occasional Customers
14259.0,120.0,1,68,120.0,141,1,120.0,0,Occasional Customers
14261.0,1163.45,2,406,581.725,50,2,1163.45,0,Occasional Customers
14262.0,2618.23,8,1645,327.27875,7,8,2618.23,0,Occasional Customers
14264.0,333.97,2,70,166.985,154,2,333.97,1,Low Value Customers
14265.0,530.18,2,330,265.09,108,2,530.18,0,Occasional Customers
14267.0,1516.24,3,530,505.41333333333336,162,3,1516.24,1,Low Value Customers
14270.0,492.65000000000003,1,197,492.65000000000003,331,1,492.65000000000003,1,Low Value Customers
14271.0,112.32,1,88,112.32,225,1,112.32,1,Low Value Customers
14272.0,437.96,2,599,218.98,73,2,437.96,0,Occasional Customers
14273.0,559.97,4,264,139.9925,50,4,559.97,0,Occasional Customers
14276.0,1119.74,3,744,373.24666666666667,98,3,1119.74,0,Occasional Customers
14277.0,4188.0,3,1976,1396.0,14,3,4188.0,0,Occasional Customers
14280.0,134.04,1,52,134.04,196,1,134.04,1,Low Value Customers
14282.0,3701.44,15,2656,246.76266666666666,2,15,3701.44,3,Regular Customers
14284.0,595.25,2,161,297.625,30,2,595.25,0,Occasional Customers
14285.0,1910.01,4,541,477.5025,20,4,1910.01,0,Occasional Customers
14286.0,4628.75,3,4338,1542.9166666666667,23,3,4628.75,0,Occasional Customers
14287.0,176.63,3,261,58.876666666666665,7,3,176.63,0,Occasional Customers
14288.0,426.6,1,188,426.6,212,1,426.6,1,Low Value Customers
14289.0,911.26,6,292,151.87666666666667,8,6,911.26,0,Occasional Customers
14290.0,2314.65,5,915,462.93,10,5,2314.65,0,Occasional Customers
14291.0,3883.25,11,2749,353.02272727272725,1,11,3883.25,0,Occasional Customers
14292.0,4871.93,9,1663,541.3255555555556,7,9,4871.93,0,Occasional Customers
14293.0,1046.56,4,709,261.64,2,4,1046.56,0,Occasional Customers
14295.0,166.20000000000002,1,84,166.20000000000002,39,1,166.20000000000002,0,Occasional Customers
14297.0,1305.33,4,865,326.3325,17,4,1305.33,0,Occasional Customers
14298.0,51527.3,44,58343,1171.075,7,44,51527.3,3,Regular Customers
14299.0,3965.62,9,2149,440.6244444444444,7,9,3965.62,0,Occasional Customers
14300.0,43.2,1,32,43.2,18,1,43.2,0,Occasional Customers
14301.0,640.14,1,606,640.14,116,1,640.14,0,Occasional Customers
14304.0,383.45,1,139,383.45,222,1,383.45,1,Low Value Customers
14305.0,1858.96,3,1089,619.6533333333333,70,3,1858.96,0,Occasional Customers
14306.0,2093.32,2,1075,1046.66,50,2,2093.32,0,Occasional Customers
14307.0,2995.72,6,2058,499.28666666666663,88,6,2995.72,0,Occasional Customers
14309.0,2352.53,9,1633,261.39222222222224,7,9,2352.53,0,Occasional Customers
14311.0,310.26,1,146,310.26,242,1,310.26,1,Low Value Customers
14312.0,1611.59,6,1012,268.5983333333333,46,6,1611.59,0,Occasional Customers
14314.0,120.0,1,296,120.0,106,1,120.0,0,Occasional Customers
14315.0,2481.13,6,1021,413.5216666666667,44,6,2481.13,0,Occasional Customers
14317.0,508.58000000000004,1,255,508.58000000000004,64,1,508.58000000000004,0,Occasional Customers
14320.0,477.79,2,325,238.895,206,2,477.79,1,Low Value Customers
14321.0,1530.75,5,2406,306.15,10,5,1530.75,0,Occasional Customers
14323.0,605.0600000000001,2,350,302.53000000000003,114,2,605.0600000000001,0,Occasional Customers
14326.0,183.85,1,103,183.85,241,1,183.85,1,Low Value Customers
14327.0,311.65,1,139,311.65,162,1,311.65,1,Low Value Customers
14329.0,4975.24,7,3087,710.7485714285714,16,7,4975.24,0,Occasional Customers
14331.0,462.65999999999997,2,252,231.32999999999998,123,2,462.65999999999997,0,Occasional Customers
14332.0,840.21,3,463,280.07,22,3,840.21,0,Occasional Customers
14333.0,415.2,1,58,415.2,67,1,415.2,0,Occasional Customers
14334.0,2552.21,8,1731,319.02625,16,8,2552.21,0,Occasional Customers
14335.0,454.86,2,375,227.43,15,2,454.86,0,Occasional Customers
14336.0,1614.91,4,1759,403.7275,16,4,1614.91,0,Occasional Customers
14338.0,588.22,2,335,294.11,160,2,588.22,1,Low Value Customers
14339.0,309.52,1,168,309.52,242,1,309.52,1,Low Value Customers
14340.0,134.7,1,58,134.7,218,1,134.7,1,Low Value Customers
14341.0,2166.98,8,1397,270.8725,44,8,2166.98,0,Occasional Customers
14342.0,668.5600000000001,4,347,167.14000000000001,20,4,668.5600000000001,0,Occasional Customers
14344.0,889.9300000000001,8,477,111.24125000000001,126,8,889.9300000000001,0,Occasional Customers
14345.0,108.97999999999999,1,50,108.97999999999999,38,1,108.97999999999999,0,Occasional Customers
14346.0,1021.58,2,605,510.79,120,2,1021.58,0,Occasional Customers
14348.0,409.57,1,183,409.57,259,1,409.57,1,Low Value Customers
14349.0,133.5,1,86,133.5,9,1,133.5,0,Occasional Customers
14350.0,282.93,1,183,282.93,273,1,282.93,1,Low Value Customers
14351.0,51.0,1,12,51.0,164,1,51.0,1,Low Value Customers
14352.0,1078.96,4,538,269.74,156,4,1078.96,1,Low Value Customers
14353.0,90.6,1,64,90.6,214,1,90.6,1,Low Value Customers
14354.0,163.62,2,210,81.81,5,2,163.62,0,Occasional Customers
14355.0,174.4,1,92,174.4,365,1,174.4,1,Low Value Customers
14356.0,701.23,2,277,350.615,79,2,701.23,0,Occasional Customers
14357.0,225.12,1,147,225.12,42,1,225.12,0,Occasional Customers
14359.0,912.18,3,371,304.06,18,3,912.18,0,Occasional Customers
14360.0,2118.03,4,1139,529.5075,31,4,2118.03,0,Occasional Customers
14362.0,151.5,1,96,151.5,21,1,151.5,0,Occasional Customers
14364.0,3717.35,8,1967,464.66875,108,8,3717.35,0,Occasional Customers
14367.0,9227.82,16,4426,576.73875,7,16,9227.82,3,Regular Customers
14368.0,155.0,1,36,155.0,319,1,155.0,1,Low Value Customers
14371.0,100.5,1,34,100.5,294,1,100.5,1,Low Value Customers
14373.0,76.55,1,17,76.55,357,1,76.55,1,Low Value Customers
14375.0,235.56,1,184,235.56,184,1,235.56,1,Low Value Customers
14377.0,617.05,2,219,308.525,190,2,617.05,1,Low Value Customers
14379.0,348.1,2,292,174.05,43,2,348.1,0,Occasional Customers
14381.0,202.68,1,146,202.68,51,1,202.68,0,Occasional Customers
14382.0,615.49,1,1231,615.49,25,1,615.49,0,Occasional Customers
14383.0,1247.69,3,817,415.8966666666667,37,3,1247.69,0,Occasional Customers
14385.0,202.11,3,159,67.37,8,3,202.11,0,Occasional Customers
14386.0,142.4,1,54,142.4,296,1,142.4,1,Low Value Customers
14387.0,1727.6,3,795,575.8666666666667,32,3,1727.6,0,Occasional Customers
14388.0,3212.84,8,1941,401.605,9,8,3212.84,0,Occasional Customers
14389.0,1043.46,2,729,521.73,64,2,1043.46,0,Occasional Customers
14390.0,4642.57,9,2133,515.8411111111111,9,9,4642.57,0,Occasional Customers
14393.0,67.95,1,13,67.95,217,1,67.95,1,Low Value Customers
14395.0,3479.91,9,1689,386.65666666666664,1,9,3479.91,0,Occasional Customers
14396.0,487.99,2,225,243.995,64,2,487.99,0,Occasional Customers
14397.0,2612.96,19,1890,137.52421052631578,2,19,2612.96,3,Regular Customers
14400.0,574.7,1,454,574.7,148,1,574.7,1,Low Value Customers
14401.0,4051.48,13,4507,311.6523076923077,3,13,4051.48,0,Occasional Customers
14403.0,1475.81,4,519,368.9525,129,4,1475.81,0,Occasional Customers
14404.0,1449.32,6,827,241.5533333333333,33,6,1449.32,0,Occasional Customers
14406.0,156.75,1,77,156.75,118,1,156.75,0,Occasional Customers
14407.0,2157.73,6,1415,359.62166666666667,106,6,2157.73,0,Occasional Customers
14408.0,2599.03,7,1610,371.29,10,7,2599.03,0,Occasional Customers
14409.0,2059.4500000000003,6,1230,343.24166666666673,70,6,2059.4500000000003,0,Occasional Customers
14410.0,1100.27,9,567,122.25222222222222,91,9,1100.27,0,Occasional Customers
14411.0,1063.0,1,196,1063.0,310,1,1063.0,1,Low Value Customers
14412.0,770.03,2,786,385.015,42,2,770.03,0,Occasional Customers
14413.0,121.05,1,67,121.05,361,1,121.05,1,Low Value Customers
14414.0,1496.98,7,2512,213.8542857142857,91,7,1496.98,0,Occasional Customers
14415.0,5855.57,13,2996,450.42846153846153,0,13,5855.57,0,Occasional Customers
14416.0,490.22,2,326,245.11,21,2,490.22,0,Occasional Customers
14418.0,1937.25,3,1711,645.75,3,3,1937.25,0,Occasional Customers
14419.0,1051.79,6,483,175.29833333333332,10,6,1051.79,0,Occasional Customers
14420.0,387.52,1,334,387.52,98,1,387.52,0,Occasional Customers
14421.0,813.11,2,365,406.555,56,2,813.11,0,Occasional Customers
14422.0,4263.64,6,2906,710.6066666666667,0,6,4263.64,0,Occasional Customers
14423.0,265.2,1,120,265.2,217,1,265.2,1,Low Value Customers
14424.0,322.08,1,48,322.08,17,1,322.08,0,Occasional Customers
14426.0,4481.67,10,2699,448.16700000000003,23,10,4481.67,0,Occasional Customers
14427.0,363.34000000000003,2,228,181.67000000000002,49,2,363.34000000000003,0,Occasional Customers
14428.0,1224.06,5,428,244.81199999999998,6,5,1224.06,0,Occasional Customers
14431.0,470.36,1,130,470.36,302,1,470.36,1,Low Value Customers
14432.0,2248.5,6,2013,374.75,9,6,2248.5,0,Occasional Customers
14434.0,1372.8,6,368,228.79999999999998,21,6,1372.8,0,Occasional Customers
14436.0,89.06,1,129,89.06,98,1,89.06,0,Occasional Customers
14437.0,63.0,1,60,63.0,365,1,63.0,1,Low Value Customers
14438.0,131.9,1,82,131.9,305,1,131.9,1,Low Value Customers
14439.0,2661.24,1,526,2661.24,319,1,2661.24,1,Low Value Customers
14440.0,2357.6800000000003,5,588,471.53600000000006,7,5,2357.6800000000003,0,Occasional Customers
14441.0,1712.89,4,446,428.2225,0,4,1712.89,0,Occasional Customers
14442.0,1589.82,2,482,794.91,204,2,1589.82,1,Low Value Customers
14443.0,1420.2,4,938,355.05,53,4,1420.2,0,Occasional Customers
14446.0,1010.35,4,916,252.5875,0,4,1010.35,0,Occasional Customers
14447.0,1163.23,5,571,232.64600000000002,18,5,1163.23,0,Occasional Customers
14448.0,375.35,2,104,187.675,8,2,375.35,0,Occasional Customers
14449.0,885.8,4,741,221.45,18,4,885.8,0,Occasional Customers
14450.0,483.25,3,241,161.08333333333334,180,3,483.25,1,Low Value Customers
14451.0,643.9,2,378,321.95,59,2,643.9,0,Occasional Customers
14452.0,259.05,2,116,129.525,10,2,259.05,0,Occasional Customers
14453.0,119.93,1,49,119.93,189,1,119.93,1,Low Value Customers
14456.0,3017.28,9,2885,335.25333333333333,4,9,3017.28,0,Occasional Customers
14457.0,113.64,1,88,113.64,310,1,113.64,1,Low Value Customers
14459.0,1837.92,1,760,1837.92,154,1,1837.92,1,Low Value Customers
14460.0,434.34,3,881,144.78,109,3,434.34,0,Occasional Customers
14461.0,2103.06,3,766,701.02,147,3,2103.06,1,Low Value Customers
14462.0,1980.57,11,956,180.05181818181816,65,11,1980.57,0,Occasional Customers
14463.0,529.62,3,179,176.54,97,3,529.62,0,Occasional Customers
14465.0,1038.44,3,398,346.1466666666667,246,3,1038.44,1,Low Value Customers
14466.0,2272.4,7,1006,324.62857142857143,28,7,2272.4,0,Occasional Customers
14467.0,596.26,4,276,149.065,17,4,596.26,0,Occasional Customers
14470.0,461.19,2,193,230.595,11,2,461.19,0,Occasional Customers
14472.0,1852.67,8,1135,231.58375,103,8,1852.67,0,Occasional Customers
14473.0,234.34000000000003,2,88,117.17000000000002,73,2,234.34000000000003,0,Occasional Customers
14474.0,547.66,1,140,547.66,45,1,547.66,0,Occasional Customers
14475.0,925.85,3,447,308.6166666666667,71,3,925.85,0,Occasional Customers
14476.0,193.0,1,110,193.0,256,1,193.0,1,Low Value Customers
14477.0,1309.6,4,720,327.4,19,4,1309.6,0,Occasional Customers
14479.0,316.25,2,117,158.125,253,2,316.25,1,Low Value Customers
14480.0,279.05,1,143,279.05,10,1,279.05,0,Occasional Customers
14481.0,636.51,2,489,318.255,164,2,636.51,1,Low Value Customers
14482.0,2022.81,6,1627,337.135,17,6,2022.81,0,Occasional Customers
14483.0,137.1,1,97,137.1,281,1,137.1,1,Low Value Customers
14484.0,321.92,1,210,321.92,49,1,321.92,0,Occasional Customers
14485.0,162.8,1,70,162.8,38,1,162.8,0,Occasional Customers
14487.0,1165.48,6,712,194.24666666666667,26,6,1165.48,0,Occasional Customers
14488.0,1064.28,1,799,1064.28,67,1,1064.28,0,Occasional Customers
14489.0,463.38,1,299,463.38,206,1,463.38,1,Low Value Customers
14491.0,340.93,2,139,170.465,174,2,340.93,1,Low Value Customers
14493.0,2383.2400000000002,5,1285,476.648,6,5,2383.2400000000002,0,Occasional Customers
14494.0,139.56,1,92,139.56,25,1,139.56,0,Occasional Customers
14495.0,123.8,2,62,61.9,50,2,123.8,0,Occasional Customers
14496.0,538.8100000000001,2,159,269.40500000000003,311,2,538.8100000000001,1,Low Value Customers
14497.0,475.37,1,235,475.37,308,1,475.37,1,Low Value Customers
14498.0,1957.32,5,1098,391.464,42,5,1957.32,0,Occasional Customers
14499.0,808.44,3,496,269.48,25,3,808.44,0,Occasional Customers
14500.0,356.85,3,117,118.95,87,3,356.85,0,Occasional Customers
14501.0,251.21,2,161,125.605,183,2,251.21,1,Low Value Customers
14502.0,2429.83,11,1480,220.89363636363635,19,11,2429.83,0,Occasional Customers
14503.0,3543.26,6,2004,590.5433333333334,2,6,3543.26,0,Occasional Customers
14504.0,673.26,4,308,168.315,46,4,673.26,0,Occasional Customers
14505.0,5859.43,8,2739,732.42875,16,8,5859.43,0,Occasional Customers
14506.0,1960.65,5,704,392.13,16,5,1960.65,0,Occasional Customers
14507.0,1367.88,6,594,227.98000000000002,23,6,1367.88,0,Occasional Customers
14508.0,268.05,2,129,134.025,21,2,268.05,0,Occasional Customers
14511.0,1314.81,5,784,262.962,10,5,1314.81,0,Occasional Customers
14512.0,275.28,2,122,137.64,187,2,275.28,1,Low Value Customers
14513.0,455.59000000000003,3,361,151.86333333333334,100,3,455.59000000000003,0,Occasional Customers
14514.0,990.2,3,564,330.06666666666666,60,3,990.2,0,Occasional Customers
14515.0,2076.89,6,1110,346.1483333333333,17,6,2076.89,0,Occasional Customers
14517.0,330.45,2,91,165.225,32,2,330.45,0,Occasional Customers
14518.0,174.37,1,278,174.37,63,1,174.37,0,Occasional Customers
14520.0,270.6,2,146,135.3,1,2,270.6,0,Occasional Customers
14522.0,974.54,4,525,243.635,23,4,974.54,0,Occasional Customers
14523.0,241.09,1,251,241.09,107,1,241.09,0,Occasional Customers
14524.0,1843.83,9,669,204.87,31,9,1843.83,0,Occasional Customers
14525.0,4215.9,9,2637,468.4333333333333,19,9,4215.9,0,Occasional Customers
14527.0,8507.13,55,2088,154.6750909090909,2,55,8507.13,3,Regular Customers
14528.0,364.21999999999997,1,278,364.21999999999997,36,1,364.21999999999997,0,Occasional Customers
14529.0,578.61,3,325,192.87,59,3,578.61,0,Occasional Customers
14530.0,2862.11,6,1395,477.0183333333334,25,6,2862.11,0,Occasional Customers
14532.0,932.85,4,284,233.2125,235,4,932.85,1,Low Value Customers
14533.0,1949.72,7,4019,278.5314285714286,24,7,1949.72,0,Occasional Customers
14534.0,4397.3,18,2027,244.29444444444445,2,18,4397.3,3,Regular Customers
14535.0,2854.84,3,1824,951.6133333333333,59,3,2854.84,0,Occasional Customers
14536.0,170.95,1,39,170.95,259,1,170.95,1,Low Value Customers
14537.0,355.56,1,120,355.56,57,1,355.56,0,Occasional Customers
14538.0,388.25,2,155,194.125,64,2,388.25,0,Occasional Customers
14539.0,537.48,2,428,268.74,15,2,537.48,0,Occasional Customers
14540.0,952.66,3,411,317.55333333333334,9,3,952.66,0,Occasional Customers
14541.0,1453.35,8,641,181.66875,58,8,1453.35,0,Occasional Customers
14542.0,103.25,1,19,103.25,185,1,103.25,1,Low Value Customers
14543.0,3599.73,16,675,224.983125,28,16,3599.73,3,Regular Customers
14544.0,2004.3,2,1536,1002.15,23,2,2004.3,0,Occasional Customers
14546.0,2573.93,5,1313,514.786,4,5,2573.93,0,Occasional Customers
14547.0,3974.75,8,2639,496.84375,3,8,3974.75,0,Occasional Customers
14548.0,652.8,2,256,326.4,150,2,652.8,1,Low Value Customers
14549.0,289.24,1,136,289.24,310,1,289.24,1,Low Value Customers
14550.0,757.37,2,389,378.685,10,2,757.37,0,Occasional Customers
14551.0,186.23,2,106,93.115,17,2,186.23,0,Occasional Customers
14552.0,164.22,1,90,164.22,151,1,164.22,1,Low Value Customers
14553.0,859.27,5,493,171.85399999999998,18,5,859.27,0,Occasional Customers
14554.0,2279.4900000000002,4,1443,569.8725000000001,9,4,2279.4900000000002,0,Occasional Customers
14555.0,312.54,2,122,156.27,56,2,312.54,0,Occasional Customers
14557.0,788.38,1,510,788.38,84,1,788.38,0,Occasional Customers
14560.0,2237.77,22,1260,101.71681818181818,6,22,2237.77,3,Regular Customers
14561.0,1080.76,3,1014,360.25333333333333,75,3,1080.76,0,Occasional Customers
14562.0,5006.77,18,1815,278.1538888888889,3,18,5006.77,3,Regular Customers
14565.0,3099.12,4,1540,774.78,95,4,3099.12,0,Occasional Customers
14566.0,1432.0,1,800,1432.0,110,1,1432.0,0,Occasional Customers
14567.0,1530.3600000000001,2,412,765.1800000000001,56,2,1530.3600000000001,0,Occasional Customers
14569.0,227.39,1,79,227.39,0,1,227.39,0,Occasional Customers
14570.0,218.06,2,95,109.03,280,2,218.06,1,Low Value Customers
14572.0,2804.54,7,1420,400.6485714285714,2,7,2804.54,0,Occasional Customers
14573.0,1639.82,9,534,182.20222222222222,179,9,1639.82,1,Low Value Customers
14576.0,35.400000000000006,1,12,35.400000000000006,371,1,35.400000000000006,1,Low Value Customers
14577.0,859.71,4,353,214.9275,12,4,859.71,0,Occasional Customers
14578.0,168.63,1,240,168.63,2,1,168.63,0,Occasional Customers
14581.0,138.6,1,217,138.6,16,1,138.6,0,Occasional Customers
14582.0,114.11,1,73,114.11,40,1,114.11,0,Occasional Customers
14583.0,986.96,5,751,197.392,5,5,986.96,0,Occasional Customers
14584.0,1033.06,4,381,258.265,168,4,1033.06,1,Low Value Customers
14585.0,157.05,1,91,157.05,49,1,157.05,0,Occasional Customers
14586.0,237.36,1,444,237.36,276,1,237.36,1,Low Value Customers
14587.0,1580.29,9,749,175.58777777777777,18,9,1580.29,0,Occasional Customers
14589.0,39.75,1,5,39.75,371,1,39.75,1,Low Value Customers
14591.0,1320.21,4,1228,330.0525,14,4,1320.21,0,Occasional Customers
14592.0,557.94,3,407,185.98000000000002,34,3,557.94,0,Occasional Customers
14593.0,617.15,3,330,205.71666666666667,21,3,617.15,0,Occasional Customers
14594.0,363.33,2,183,181.665,6,2,363.33,0,Occasional Customers
14595.0,1740.6,6,978,290.09999999999997,19,6,1740.6,0,Occasional Customers
14597.0,866.24,2,566,433.12,10,2,866.24,0,Occasional Customers
14598.0,221.97,1,189,221.97,43,1,221.97,0,Occasional Customers
14600.0,393.33000000000004,1,125,393.33000000000004,305,1,393.33000000000004,1,Low Value Customers
14601.0,213.96,1,168,213.96,10,1,213.96,0,Occasional Customers
14603.0,660.0,1,400,660.0,274,1,660.0,1,Low Value Customers
14606.0,12076.15,93,6187,129.8510752688172,0,93,12076.15,3,Regular Customers
14607.0,16209.5,14,11526,1157.8214285714287,15,14,16209.5,3,Regular Customers
14608.0,1785.15,4,437,446.2875,3,4,1785.15,0,Occasional Customers
14609.0,601.56,4,7026,150.39,71,4,601.56,0,Occasional Customers
14616.0,406.08000000000004,3,104,135.36,242,3,406.08000000000004,1,Low Value Customers
14618.0,553.44,3,264,184.48000000000002,8,3,553.44,0,Occasional Customers
14619.0,394.44,1,152,394.44,245,1,394.44,1,Low Value Customers
14620.0,412.78000000000003,2,214,206.39000000000001,205,2,412.78000000000003,1,Low Value Customers
14621.0,1788.3600000000001,5,993,357.672,0,5,1788.3600000000001,0,Occasional Customers
14622.0,320.58000000000004,1,146,320.58000000000004,184,1,320.58000000000004,1,Low Value Customers
14623.0,886.7,5,418,177.34,31,5,886.7,0,Occasional Customers
14624.0,225.85,2,162,112.925,56,2,225.85,0,Occasional Customers
14625.0,899.63,2,335,449.815,195,2,899.63,1,Low Value Customers
14626.0,2791.27,4,1403,697.8175,23,4,2791.27,0,Occasional Customers
14628.0,671.96,2,272,335.98,90,2,671.96,0,Occasional Customers
14629.0,955.26,2,378,477.63,3,2,955.26,0,Occasional Customers
14631.0,1006.98,3,622,335.66,50,3,1006.98,0,Occasional Customers
14632.0,114.56,1,96,114.56,262,1,114.56,1,Low Value Customers
14633.0,344.90000000000003,1,96,344.90000000000003,265,1,344.90000000000003,1,Low Value Customers
14636.0,609.85,2,241,304.925,35,2,609.85,0,Occasional Customers
14638.0,443.6,1,166,443.6,50,1,443.6,0,Occasional Customers
14639.0,2984.49,6,1431,497.41499999999996,51,6,2984.49,0,Occasional Customers
14640.0,2107.38,6,880,351.23,23,6,2107.38,0,Occasional Customers
14641.0,110.46,1,90,110.46,21,1,110.46,0,Occasional Customers
14642.0,96.12,1,76,96.12,58,1,96.12,0,Occasional Customers
14643.0,693.8100000000001,2,815,346.90500000000003,169,2,693.8100000000001,1,Low Value Customers
14644.0,830.76,2,258,415.38,67,2,830.76,0,Occasional Customers
14645.0,597.09,2,381,298.545,156,2,597.09,1,Low Value Customers
14646.0,280206.02,73,196915,3838.4386301369864,1,73,280206.02,2,VIP Customers
14647.0,236.04000000000002,1,91,236.04000000000002,200,1,236.04000000000002,1,Low Value Customers
14649.0,1402.59,4,1004,350.6475,4,4,1402.59,0,Occasional Customers
14651.0,653.75,2,343,326.875,66,2,653.75,0,Occasional Customers
14652.0,114.18,1,53,114.18,76,1,114.18,0,Occasional Customers
14653.0,1926.65,7,945,275.2357142857143,0,7,1926.65,0,Occasional Customers
14655.0,1932.23,4,1089,483.0575,7,4,1932.23,0,Occasional Customers
14656.0,291.05,2,120,145.525,168,2,291.05,1,Low Value Customers
14657.0,848.22,4,466,212.055,17,4,848.22,0,Occasional Customers
14658.0,247.15,2,47,123.575,4,2,247.15,0,Occasional Customers
14659.0,2529.93,9,1195,281.1033333333333,8,9,2529.93,0,Occasional Customers
14660.0,285.74,2,228,142.87,86,2,285.74,0,Occasional Customers
14661.0,107.95,1,35,107.95,26,1,107.95,0,Occasional Customers
14662.0,741.37,4,578,185.3425,28,4,741.37,0,Occasional Customers
14664.0,636.24,2,465,318.12,19,2,636.24,0,Occasional Customers
14665.0,1835.7,5,740,367.14,60,5,1835.7,0,Occasional Customers
14666.0,195.25,1,161,195.25,23,1,195.25,0,Occasional Customers
14667.0,9175.04,25,5319,367.00160000000005,10,25,9175.04,3,Regular Customers
14669.0,1259.24,3,770,419.74666666666667,241,3,1259.24,1,Low Value Customers
14670.0,392.86,2,326,196.43,279,2,392.86,1,Low Value Customers
14672.0,765.55,2,454,382.775,234,2,765.55,1,Low Value Customers
14673.0,1736.4,5,1004,347.28000000000003,2,5,1736.4,0,Occasional Customers
14675.0,596.36,1,336,596.36,15,1,596.36,0,Occasional Customers
14676.0,2548.2400000000002,6,2500,424.7066666666667,30,6,2548.2400000000002,0,Occasional Customers
14680.0,28754.11,16,13476,1797.131875,24,16,28754.11,3,Regular Customers
14681.0,498.95,3,76,166.31666666666666,70,3,498.95,0,Occasional Customers
14682.0,52.0,2,80,26.0,187,2,52.0,1,Low Value Customers
14684.0,1201.51,5,821,240.302,25,5,1201.51,0,Occasional Customers
14687.0,628.38,1,470,628.38,106,1,628.38,0,Occasional Customers
14688.0,5579.1,21,3584,265.6714285714286,7,21,5579.1,3,Regular Customers
14689.0,112.8,1,76,112.8,208,1,112.8,1,Low Value Customers
14690.0,355.05,2,167,177.525,43,2,355.05,0,Occasional Customers
14691.0,2114.33,5,707,422.866,30,5,2114.33,0,Occasional Customers
14692.0,591.55,4,265,147.8875,136,4,591.55,0,Occasional Customers
14693.0,172.9,1,34,172.9,264,1,172.9,1,Low Value Customers
14696.0,2078.95,7,1630,296.99285714285713,3,7,2078.95,0,Occasional Customers
14697.0,188.60999999999999,2,181,94.30499999999999,217,2,188.60999999999999,1,Low Value Customers
14698.0,1217.27,5,602,243.454,1,5,1217.27,0,Occasional Customers
14699.0,109.13000000000001,1,77,109.13000000000001,213,1,109.13000000000001,1,Low Value Customers
14700.0,2195.1,3,1314,731.6999999999999,31,3,2195.1,0,Occasional Customers
14701.0,2526.09,9,921,280.6766666666667,10,9,2526.09,0,Occasional Customers
14702.0,3251.79,17,1439,191.28176470588235,0,17,3251.79,3,Regular Customers
14703.0,318.17,1,183,318.17,14,1,318.17,0,Occasional Customers
14704.0,1493.96,9,1043,165.99555555555557,10,9,1493.96,0,Occasional Customers
14705.0,179.0,1,100,179.0,198,1,179.0,1,Low Value Customers
14708.0,1126.37,3,621,375.45666666666665,2,3,1126.37,0,Occasional Customers
14709.0,4921.04,13,2484,378.54153846153844,14,13,4921.04,0,Occasional Customers
14710.0,599.48,4,375,149.87,13,4,599.48,0,Occasional Customers
14711.0,2839.62,11,966,258.1472727272727,9,11,2839.62,0,Occasional Customers
14712.0,917.07,3,315,305.69,28,3,917.07,0,Occasional Customers
14713.0,2662.2,11,1613,242.0181818181818,8,11,2662.2,0,Occasional Customers
14714.0,160.19,1,229,160.19,23,1,160.19,0,Occasional Customers
14715.0,867.38,4,521,216.845,24,4,867.38,0,Occasional Customers
14716.0,307.51,2,495,153.755,42,2,307.51,0,Occasional Customers
14719.0,1581.84,5,1025,316.368,1,5,1581.84,0,Occasional Customers
14720.0,663.81,3,219,221.26999999999998,5,3,663.81,0,Occasional Customers
14722.0,180.42000000000002,1,118,180.42000000000002,146,1,180.42000000000002,1,Low Value Customers
14723.0,1122.3600000000001,6,673,187.06000000000003,9,6,1122.3600000000001,0,Occasional Customers
14725.0,655.58,1,588,655.58,24,1,655.58,0,Occasional Customers
14727.0,268.58,1,62,268.58,273,1,268.58,1,Low Value Customers
14729.0,313.49,1,197,313.49,373,1,313.49,1,Low Value Customers
14730.0,1897.57,8,1078,237.19625,0,8,1897.57,0,Occasional Customers
14731.0,380.02,3,256,126.67333333333333,46,3,380.02,0,Occasional Customers
14732.0,2702.4900000000002,8,1405,337.81125000000003,7,8,2702.4900000000002,0,Occasional Customers
14733.0,9585.91,12,3764,798.8258333333333,15,12,9585.91,3,Regular Customers
14735.0,6065.69,32,2264,189.5528125,3,32,6065.69,3,Regular Customers
14737.0,1164.55,3,345,388.18333333333334,3,3,1164.55,0,Occasional Customers
14738.0,1314.45,7,601,187.77857142857144,42,7,1314.45,0,Occasional Customers
14739.0,3902.28,7,3820,557.4685714285714,3,7,3902.28,0,Occasional Customers
14740.0,1448.21,3,735,482.7366666666667,196,3,1448.21,1,Low Value Customers
14741.0,1400.34,6,841,233.39,11,6,1400.34,0,Occasional Customers
14744.0,1099.98,7,627,157.14000000000001,15,7,1099.98,0,Occasional Customers
14745.0,1220.26,5,1038,244.052,112,5,1220.26,0,Occasional Customers
14747.0,328.2,1,84,328.2,248,1,328.2,1,Low Value Customers
14748.0,1415.75,5,1223,283.15,28,5,1415.75,0,Occasional Customers
14752.0,389.64,1,260,389.64,43,1,389.64,0,Occasional Customers
14753.0,563.15,1,211,563.15,86,1,563.15,0,Occasional Customers
14754.0,638.05,2,486,319.025,44,2,638.05,0,Occasional Customers
14755.0,5010.28,11,2219,455.47999999999996,9,11,5010.28,0,Occasional Customers
14756.0,738.96,1,416,738.96,14,1,738.96,0,Occasional Customers
14757.0,420.5,1,160,420.5,74,1,420.5,0,Occasional Customers
14758.0,1484.06,4,419,371.015,144,4,1484.06,0,Occasional Customers
14759.0,1625.97,3,569,541.99,4,3,1625.97,0,Occasional Customers
14760.0,89.2,1,40,89.2,296,1,89.2,1,Low Value Customers
14761.0,255.9,2,118,127.95,58,2,255.9,0,Occasional Customers
14762.0,300.52,1,341,300.52,263,1,300.52,1,Low Value Customers
14764.0,278.3,1,190,278.3,46,1,278.3,0,Occasional Customers
14765.0,254.11,3,135,84.70333333333333,28,3,254.11,0,Occasional Customers
14766.0,2473.37,6,1349,412.2283333333333,7,6,2473.37,0,Occasional Customers
14768.0,192.60000000000002,2,52,96.30000000000001,16,2,192.60000000000002,0,Occasional Customers
14769.0,10416.98,8,7239,1302.1225,2,8,10416.98,0,Occasional Customers
14770.0,876.42,2,490,438.21,231,2,876.42,1,Low Value Customers
14772.0,139.26,1,82,139.26,111,1,139.26,0,Occasional Customers
14775.0,1011.9,3,1174,337.3,57,3,1011.9,0,Occasional Customers
14776.0,2538.3,11,3134,230.75454545454548,50,11,2538.3,0,Occasional Customers
14778.0,730.86,2,306,365.43,126,2,730.86,0,Occasional Customers
14779.0,386.15,3,84,128.71666666666667,280,3,386.15,1,Low Value Customers
14780.0,447.68,2,310,223.84,54,2,447.68,0,Occasional Customers
14782.0,200.10000000000002,1,114,200.10000000000002,319,1,200.10000000000002,1,Low Value Customers
14784.0,289.99,2,237,144.995,25,2,289.99,0,Occasional Customers
14785.0,77.4,2,84,38.7,9,2,77.4,0,Occasional Customers
14788.0,679.4399999999999,2,421,339.71999999999997,6,2,679.4399999999999,0,Occasional Customers
14789.0,197.64,1,116,197.64,28,1,197.64,0,Occasional Customers
14790.0,745.06,4,699,186.265,16,4,745.06,0,Occasional Customers
14792.0,6.2,1,2,6.2,63,1,6.2,0,Occasional Customers
14793.0,228.99,1,91,228.99,20,1,228.99,0,Occasional Customers
14794.0,1319.91,7,673,188.55857142857144,2,7,1319.91,0,Occasional Customers
14795.0,131.45000000000002,1,17,131.45000000000002,165,1,131.45000000000002,1,Low Value Customers
14796.0,7975.49,17,5995,469.1464705882353,0,17,7975.49,3,Regular Customers
14798.0,173.74,3,150,57.913333333333334,52,3,173.74,0,Occasional Customers
14799.0,157.7,1,146,157.7,50,1,157.7,0,Occasional Customers
14800.0,4331.79,12,3644,360.9825,47,12,4331.79,0,Occasional Customers
14801.0,189.34,1,173,189.34,60,1,189.34,0,Occasional Customers
14803.0,845.55,3,370,281.84999999999997,161,3,845.55,1,Low Value Customers
14804.0,353.27,1,121,353.27,8,1,353.27,0,Occasional Customers
14805.0,546.4,4,114,136.6,14,4,546.4,0,Occasional Customers
14806.0,193.39000000000001,1,330,193.39000000000001,74,1,193.39000000000001,0,Occasional Customers
14808.0,2718.6,8,2120,339.825,39,8,2718.6,0,Occasional Customers
14810.0,2085.33,11,1015,189.57545454545453,40,11,2085.33,0,Occasional Customers
14813.0,152.88,2,66,76.44,369,2,152.88,1,Low Value Customers
14815.0,778.5,2,744,389.25,36,2,778.5,0,Occasional Customers
14816.0,271.85,1,5,271.85,196,1,271.85,1,Low Value Customers
14817.0,1110.34,2,655,555.17,199,2,1110.34,1,Low Value Customers
14818.0,657.8,3,324,219.26666666666665,73,3,657.8,0,Occasional Customers
14819.0,272.07,2,109,136.035,63,2,272.07,0,Occasional Customers
14820.0,507.29,4,253,126.8225,20,4,507.29,0,Occasional Customers
14821.0,48.800000000000004,1,20,48.800000000000004,366,1,48.800000000000004,1,Low Value Customers
14823.0,321.43,3,88,107.14333333333333,179,3,321.43,1,Low Value Customers
14824.0,1127.71,4,525,281.9275,9,4,1127.71,0,Occasional Customers
14825.0,2221.01,12,989,185.08416666666668,3,12,2221.01,0,Occasional Customers
14828.0,2139.76,3,2172,713.2533333333334,196,3,2139.76,1,Low Value Customers
14829.0,697.55,4,452,174.3875,28,4,697.55,0,Occasional Customers
14830.0,188.88,1,164,188.88,52,1,188.88,0,Occasional Customers
14834.0,1720.3,6,734,286.71666666666664,17,6,1720.3,0,Occasional Customers
14836.0,102.44999999999999,3,45,34.15,9,3,102.44999999999999,0,Occasional Customers
14837.0,1649.5,4,1436,412.375,89,4,1649.5,0,Occasional Customers
14840.0,62.85,1,31,62.85,267,1,62.85,1,Low Value Customers
14841.0,3295.76,6,1778,549.2933333333334,52,6,3295.76,0,Occasional Customers
14842.0,2824.69,4,1166,706.1725,43,4,2824.69,0,Occasional Customers
14844.0,3189.81,4,1833,797.4525,63,4,3189.81,0,Occasional Customers
14847.0,309.4,1,120,309.4,148,1,309.4,1,Low Value Customers
14849.0,7930.54,25,5694,317.2216,21,25,7930.54,3,Regular Customers
14850.0,325.75,1,293,325.75,311,1,325.75,1,Low Value Customers
14851.0,511.35,2,325,255.675,22,2,511.35,0,Occasional Customers
14852.0,2836.69,6,1747,472.7816666666667,57,6,2836.69,0,Occasional Customers
14853.0,475.8,2,82,237.9,23,2,475.8,0,Occasional Customers
14854.0,2740.03,7,1820,391.4328571428572,77,7,2740.03,0,Occasional Customers
14855.0,645.65,2,267,322.825,118,2,645.65,0,Occasional Customers
14856.0,1290.53,3,711,430.1766666666667,35,3,1290.53,0,Occasional Customers
14857.0,1173.12,2,464,586.56,59,2,1173.12,0,Occasional Customers
14859.0,1353.74,4,671,338.435,12,4,1353.74,0,Occasional Customers
14860.0,170.32,1,232,170.32,18,1,170.32,0,Occasional Customers
14861.0,125.79,1,117,125.79,51,1,125.79,0,Occasional Customers
14862.0,841.1999999999999,2,772,420.59999999999997,25,2,841.1999999999999,0,Occasional Customers
14863.0,266.76,1,132,266.76,28,1,266.76,0,Occasional Customers
14865.0,52.2,2,108,26.1,6,2,52.2,0,Occasional Customers
14866.0,14389.9,12,6752,1199.1583333333333,10,12,14389.9,3,Regular Customers
14867.0,710.28,3,328,236.76,185,3,710.28,1,Low Value Customers
14868.0,2953.59,8,1405,369.19875,2,8,2953.59,0,Occasional Customers
14869.0,721.45,2,549,360.725,8,2,721.45,0,Occasional Customers
14870.0,327.25,1,119,327.25,261,1,327.25,1,Low Value Customers
14871.0,501.28000000000003,4,179,125.32000000000001,2,4,501.28000000000003,0,Occasional Customers
14873.0,519.68,1,168,519.68,209,1,519.68,1,Low Value Customers
14875.0,1465.3200000000002,2,558,732.6600000000001,107,2,1465.3200000000002,0,Occasional Customers
14878.0,1476.09,9,799,164.01,12,9,1476.09,0,Occasional Customers
14880.0,690.59,3,365,230.1966666666667,76,3,690.59,0,Occasional Customers
14881.0,255.4,1,316,255.4,19,1,255.4,0,Occasional Customers
14882.0,589.7,2,158,294.85,26,2,589.7,0,Occasional Customers
14883.0,761.59,6,790,126.93166666666667,18,6,761.59,0,Occasional Customers
14885.0,765.3199999999999,1,724,765.3199999999999,131,1,765.3199999999999,0,Occasional Customers
14886.0,364.8,1,160,364.8,252,1,364.8,1,Low Value Customers
14887.0,1862.0,1,1100,1862.0,78,1,1862.0,0,Occasional Customers
14888.0,369.2,1,184,369.2,206,1,369.2,1,Low Value Customers
14889.0,135.9,1,90,135.9,335,1,135.9,1,Low Value Customers
14890.0,125.65,1,51,125.65,253,1,125.65,1,Low Value Customers
14891.0,554.38,2,505,277.19,147,2,554.38,1,Low Value Customers
14893.0,1237.8500000000001,2,799,618.9250000000001,9,2,1237.8500000000001,0,Occasional Customers
14894.0,655.75,1,265,655.75,84,1,655.75,0,Occasional Customers
14895.0,11138.710000000001,20,4851,556.9355,7,20,11138.710000000001,3,Regular Customers
14896.0,468.77000000000004,2,279,234.38500000000002,204,2,468.77000000000004,1,Low Value Customers
14897.0,1366.38,4,468,341.595,7,4,1366.38,0,Occasional Customers
14898.0,1269.31,6,1001,211.55166666666665,22,6,1269.31,0,Occasional Customers
14901.0,1421.29,9,661,157.92111111111112,10,9,1421.29,0,Occasional Customers
14902.0,332.66,1,218,332.66,25,1,332.66,0,Occasional Customers
14903.0,2795.33,5,1531,559.066,20,5,2795.33,0,Occasional Customers
14904.0,1025.44,2,1985,512.72,1,2,1025.44,0,Occasional Customers
14905.0,616.15,2,287,308.075,157,2,616.15,1,Low Value Customers
14907.0,3501.1,7,1691,500.15714285714284,2,7,3501.1,0,Occasional Customers
14908.0,277.8,1,132,277.8,73,1,277.8,0,Occasional Customers
14910.0,434.35,4,238,108.5875,2,4,434.35,0,Occasional Customers
14911.0,143711.17,201,80240,714.980945273632,0,201,143711.17,2,VIP Customers
14912.0,867.85,2,971,433.925,16,2,867.85,0,Occasional Customers
14913.0,1227.43,4,1743,306.8575,35,4,1227.43,0,Occasional Customers
14915.0,307.48,2,112,153.74,90,2,307.48,0,Occasional Customers
14916.0,1268.98,4,1136,317.245,70,4,1268.98,0,Occasional Customers
14918.0,1610.15,2,675,805.075,115,2,1610.15,0,Occasional Customers
14920.0,977.77,2,509,488.885,212,2,977.77,1,Low Value Customers
14921.0,1316.07,2,953,658.035,29,2,1316.07,0,Occasional Customers
14923.0,749.1,1,418,749.1,50,1,749.1,0,Occasional Customers
14924.0,310.05,1,64,310.05,245,1,310.05,1,Low Value Customers
14929.0,223.88,1,136,223.88,31,1,223.88,0,Occasional Customers
14930.0,2362.96,3,1160,787.6533333333333,108,3,2362.96,0,Occasional Customers
14931.0,1257.68,5,417,251.536,4,5,1257.68,0,Occasional Customers
14932.0,363.53,1,80,363.53,365,1,363.53,1,Low Value Customers
14934.0,1890.94,2,1042,945.47,81,2,1890.94,0,Occasional Customers
14935.0,1784.71,1,935,1784.71,296,1,1784.71,1,Low Value Customers
14936.0,8137.02,8,4085,1017.1275,33,8,8137.02,0,Occasional Customers
14937.0,1621.88,3,484,540.6266666666667,56,3,1621.88,0,Occasional Customers
14944.0,5900.25,12,2815,491.6875,29,12,5900.25,0,Occasional Customers
14946.0,100.9,1,22,100.9,13,1,100.9,0,Occasional Customers
14947.0,290.82,2,179,145.41,71,2,290.82,0,Occasional Customers
14948.0,1101.97,6,673,183.66166666666666,22,6,1101.97,0,Occasional Customers
14950.0,371.2,1,136,371.2,18,1,371.2,0,Occasional Customers
14951.0,311.69,1,311,311.69,78,1,311.69,0,Occasional Customers
14952.0,8099.49,11,3355,736.3172727272727,59,11,8099.49,0,Occasional Customers
14953.0,285.67,1,224,285.67,24,1,285.67,0,Occasional Customers
14954.0,294.85,1,117,294.85,11,1,294.85,0,Occasional Customers
14957.0,58.49,1,34,58.49,252,1,58.49,1,Low Value Customers
14958.0,483.72999999999996,3,128,161.2433333333333,146,3,483.72999999999996,1,Low Value Customers
14959.0,695.42,4,494,173.855,63,4,695.42,0,Occasional Customers
14960.0,221.27,2,221,110.635,7,2,221.27,0,Occasional Customers
14961.0,7044.68,9,3708,782.7422222222223,10,9,7044.68,0,Occasional Customers
14962.0,126.7,1,44,126.7,270,1,126.7,1,Low Value Customers
14963.0,1472.34,5,1159,294.46799999999996,9,5,1472.34,0,Occasional Customers
14964.0,206.21,1,143,206.21,246,1,206.21,1,Low Value Customers
14965.0,596.09,2,363,298.045,95,2,596.09,0,Occasional Customers
14966.0,183.02,1,179,183.02,14,1,183.02,0,Occasional Customers
14967.0,463.8,1,140,463.8,49,1,463.8,0,Occasional Customers
14968.0,147.59,1,127,147.59,29,1,147.59,0,Occasional Customers
14970.0,1592.06,4,250,398.015,67,4,1592.06,0,Occasional Customers
14971.0,1097.98,3,639,365.99333333333334,34,3,1097.98,0,Occasional Customers
14972.0,114.77,1,28,114.77,127,1,114.77,0,Occasional Customers
14973.0,1314.45,3,369,438.15000000000003,106,3,1314.45,0,Occasional Customers
14974.0,89.94,1,37,89.94,36,1,89.94,0,Occasional Customers
14975.0,279.94,1,380,279.94,56,1,279.94,0,Occasional Customers
14976.0,790.86,7,234,112.98,56,7,790.86,0,Occasional Customers
14978.0,1921.3700000000001,5,523,384.274,71,5,1921.3700000000001,0,Occasional Customers
14981.0,102.12,1,97,102.12,245,1,102.12,1,Low Value Customers
14984.0,202.37,2,58,101.185,18,2,202.37,0,Occasional Customers
14985.0,292.01,2,256,146.005,197,2,292.01,1,Low Value Customers
14987.0,326.4,2,128,163.2,15,2,326.4,0,Occasional Customers
14988.0,334.54,1,141,334.54,211,1,334.54,1,Low Value Customers
14995.0,231.98000000000002,2,102,115.99000000000001,38,2,231.98000000000002,0,Occasional Customers
14997.0,546.1999999999999,3,1120,182.06666666666663,45,3,546.1999999999999,0,Occasional Customers
14998.0,414.87,2,258,207.435,169,2,414.87,1,Low Value Customers
15000.0,490.52,1,218,490.52,47,1,490.52,0,Occasional Customers
15002.0,1641.76,4,862,410.44,115,4,1641.76,0,Occasional Customers
15004.0,1220.77,1,623,1220.77,146,1,1220.77,1,Low Value Customers
15005.0,6295.37,28,4230,224.83464285714285,15,28,6295.37,3,Regular Customers
15006.0,480.38,1,286,480.38,50,1,480.38,0,Occasional Customers
15007.0,156.91,1,69,156.91,158,1,156.91,1,Low Value Customers
15009.0,1259.43,3,639,419.81,11,3,1259.43,0,Occasional Customers
15010.0,308.94,1,184,308.94,35,1,308.94,0,Occasional Customers
15012.0,405.04,2,225,202.52,53,2,405.04,0,Occasional Customers
15014.0,257.67,2,149,128.835,42,2,257.67,0,Occasional Customers
15016.0,170.04,1,76,170.04,172,1,170.04,1,Low Value Customers
15017.0,125.58,1,63,125.58,33,1,125.58,0,Occasional Customers
15018.0,496.21000000000004,3,189,165.40333333333334,38,3,496.21000000000004,0,Occasional Customers
15019.0,252.81,1,150,252.81,266,1,252.81,1,Low Value Customers
15021.0,1871.77,9,819,207.97444444444443,8,9,1871.77,0,Occasional Customers
15022.0,852.39,4,527,213.0975,11,4,852.39,0,Occasional Customers
15023.0,6720.41,11,2827,610.9463636363636,2,11,6720.41,0,Occasional Customers
15024.0,1636.43,10,902,163.643,9,10,1636.43,0,Occasional Customers
15025.0,361.96,1,184,361.96,32,1,361.96,0,Occasional Customers
15026.0,469.0,3,285,156.33333333333334,79,3,469.0,0,Occasional Customers
15027.0,1066.1499999999999,4,565,266.53749999999997,30,4,1066.1499999999999,0,Occasional Customers
15028.0,627.13,4,459,156.7825,7,4,627.13,0,Occasional Customers
15030.0,518.28,2,372,259.14,71,2,518.28,0,Occasional Customers
15031.0,653.19,4,400,163.2975,3,4,653.19,0,Occasional Customers
15032.0,4959.1,3,2968,1653.0333333333335,255,3,4959.1,1,Low Value Customers
15033.0,2557.18,10,1672,255.718,4,10,2557.18,0,Occasional Customers
15034.0,4274.16,8,2413,534.27,15,8,4274.16,0,Occasional Customers
15035.0,252.73000000000002,1,245,252.73000000000002,89,1,252.73000000000002,0,Occasional Customers
15036.0,429.56,3,316,143.18666666666667,71,3,429.56,0,Occasional Customers
15038.0,685.74,6,212,114.29,58,6,685.74,0,Occasional Customers
15039.0,19766.59,47,9131,420.5657446808511,9,47,19766.59,3,Regular Customers
15041.0,179.93,1,103,179.93,169,1,179.93,1,Low Value Customers
15042.0,135.93,1,30,135.93,198,1,135.93,1,Low Value Customers
15043.0,537.0,1,300,537.0,30,1,537.0,0,Occasional Customers
15044.0,7634.7300000000005,17,2785,449.1017647058824,18,17,7634.7300000000005,3,Regular Customers
15045.0,735.66,2,114,367.83,151,2,735.66,1,Low Value Customers
15046.0,5090.42,15,3372,339.36133333333333,8,15,5090.42,3,Regular Customers
15047.0,343.62,1,222,343.62,269,1,343.62,1,Low Value Customers
15048.0,381.0,4,192,95.25,64,4,381.0,0,Occasional Customers
15049.0,121.17000000000002,1,63,121.17000000000002,273,1,121.17000000000002,1,Low Value Customers
15050.0,1737.69,3,1216,579.23,24,3,1737.69,0,Occasional Customers
15051.0,1383.3600000000001,3,1010,461.12000000000006,22,3,1383.3600000000001,0,Occasional Customers
15052.0,207.73000000000002,1,79,207.73000000000002,318,1,207.73000000000002,1,Low Value Customers
15053.0,693.95,3,984,231.3166666666667,4,3,693.95,0,Occasional Customers
15054.0,302.1,2,198,151.05,11,2,302.1,0,Occasional Customers
15057.0,1489.5,2,668,744.75,274,2,1489.5,1,Low Value Customers
15058.0,2102.54,11,1054,191.14,24,11,2102.54,0,Occasional Customers
15059.0,1337.72,9,604,148.63555555555556,40,9,1337.72,0,Occasional Customers
15060.0,294.25,4,257,73.5625,7,4,294.25,0,Occasional Customers
15061.0,54534.14,48,28920,1136.1279166666666,3,48,54534.14,3,Regular Customers
15062.0,987.86,4,763,246.965,70,4,987.86,0,Occasional Customers
15063.0,370.79999999999995,1,56,370.79999999999995,212,1,370.79999999999995,1,Low Value Customers
15065.0,3158.13,4,1383,789.5325,37,4,3158.13,0,Occasional Customers
15066.0,893.59,1,317,893.59,52,1,893.59,0,Occasional Customers
15067.0,1744.76,3,954,581.5866666666667,77,3,1744.76,0,Occasional Customers
15068.0,553.36,2,364,276.68,45,2,553.36,0,Occasional Customers
15069.0,1109.53,1,520,1109.53,178,1,1109.53,1,Low Value Customers
15070.0,106.2,1,36,106.2,372,1,106.2,1,Low Value Customers
15071.0,982.07,2,269,491.035,93,2,982.07,0,Occasional Customers
15073.0,1043.41,3,491,347.80333333333334,9,3,1043.41,0,Occasional Customers
15074.0,735.67,1,431,735.67,104,1,735.67,0,Occasional Customers
15075.0,773.03,1,447,773.03,77,1,773.03,0,Occasional Customers
15076.0,880.85,1,571,880.85,172,1,880.85,1,Low Value Customers
15078.0,9743.11,32,5105,304.4721875,6,32,9743.11,3,Regular Customers
15079.0,895.61,4,389,223.9025,212,4,895.61,1,Low Value Customers
15081.0,504.8,5,190,100.96000000000001,21,5,504.8,0,Occasional Customers
15083.0,88.2,1,38,88.2,256,1,88.2,1,Low Value Customers
15087.0,306.94,1,470,306.94,281,1,306.94,1,Low Value Customers
15088.0,1160.07,2,460,580.035,20,2,1160.07,0,Occasional Customers
15089.0,2420.84,6,1359,403.47333333333336,9,6,2420.84,0,Occasional Customers
15090.0,381.32,1,208,381.32,307,1,381.32,1,Low Value Customers
15091.0,480.71,1,346,480.71,67,1,480.71,0,Occasional Customers
15092.0,457.81,2,135,228.905,214,2,457.81,1,Low Value Customers
15093.0,4597.02,6,3760,766.1700000000001,17,6,4597.02,0,Occasional Customers
15095.0,1370.6,4,1079,342.65,103,4,1370.6,0,Occasional Customers
15096.0,219.39000000000001,1,120,219.39000000000001,42,1,219.39000000000001,0,Occasional Customers
15097.0,248.08,1,170,248.08,3,1,248.08,0,Occasional Customers
15098.0,39916.5,3,121,13305.5,181,3,39916.5,3,Regular Customers
15099.0,410.48,1,343,410.48,83,1,410.48,0,Occasional Customers
15100.0,876.0,3,80,292.0,333,3,876.0,1,Low Value Customers
15101.0,317.53,2,241,158.765,8,2,317.53,0,Occasional Customers
15103.0,703.36,2,329,351.68,30,2,703.36,0,Occasional Customers
15104.0,993.54,2,635,496.77,196,2,993.54,1,Low Value Customers
15105.0,2298.93,7,1211,328.4185714285714,17,7,2298.93,0,Occasional Customers
15106.0,1422.52,5,1181,284.504,17,5,1422.52,0,Occasional Customers
15107.0,319.5,6,169,53.25,310,6,319.5,1,Low Value Customers
15108.0,1300.25,4,499,325.0625,141,4,1300.25,0,Occasional Customers
15109.0,484.95,1,131,484.95,245,1,484.95,1,Low Value Customers
15110.0,996.1,4,246,249.025,23,4,996.1,0,Occasional Customers
15111.0,1567.48,3,710,522.4933333333333,28,3,1567.48,0,Occasional Customers
15113.0,3509.43,3,2344,1169.81,9,3,3509.43,0,Occasional Customers
15114.0,2760.56,10,3096,276.056,29,10,2760.56,0,Occasional Customers
15115.0,340.11,1,157,340.11,17,1,340.11,0,Occasional Customers
15116.0,1352.75,4,648,338.1875,17,4,1352.75,0,Occasional Customers
15117.0,1551.78,5,1948,310.356,14,5,1551.78,0,Occasional Customers
15118.0,244.8,1,1440,244.8,133,1,244.8,0,Occasional Customers
15119.0,266.4,1,88,266.4,245,1,266.4,1,Low Value Customers
15120.0,358.82,1,296,358.82,133,1,358.82,0,Occasional Customers
15121.0,457.72,2,199,228.86,49,2,457.72,0,Occasional Customers
15122.0,1633.78,3,800,544.5933333333334,113,3,1633.78,0,Occasional Customers
15123.0,2199.31,2,1195,1099.655,6,2,2199.31,0,Occasional Customers
15124.0,184.19,2,233,92.095,22,2,184.19,0,Occasional Customers
15125.0,11528.48,15,6193,768.5653333333333,24,15,11528.48,3,Regular Customers
15127.0,406.53,1,251,406.53,65,1,406.53,0,Occasional Customers
15128.0,1471.0,4,1343,367.75,59,4,1471.0,0,Occasional Customers
15129.0,3447.4,11,1794,313.40000000000003,49,11,3447.4,0,Occasional Customers
15130.0,330.11,1,197,330.11,169,1,330.11,1,Low Value Customers
15132.0,977.9300000000001,5,679,195.586,17,5,977.9300000000001,0,Occasional Customers
15133.0,982.42,3,680,327.4733333333333,127,3,982.42,0,Occasional Customers
15134.0,1387.99,8,887,173.49875,14,8,1387.99,0,Occasional Customers
15135.0,139.05,1,43,139.05,238,1,139.05,1,Low Value Customers
15136.0,1286.7,4,776,321.675,2,4,1286.7,0,Occasional Customers
15139.0,178.96,2,208,89.48,239,2,178.96,1,Low Value Customers
15140.0,2354.25,7,1572,336.32142857142856,51,7,2354.25,0,Occasional Customers
15142.0,498.74,1,365,498.74,45,1,498.74,0,Occasional Customers
15143.0,259.45,1,150,259.45,225,1,259.45,1,Low Value Customers
15144.0,6580.44,17,3050,387.0847058823529,7,17,6580.44,3,Regular Customers
15145.0,1194.73,4,756,298.6825,3,4,1194.73,0,Occasional Customers
15146.0,1327.16,2,1473,663.58,164,2,1327.16,1,Low Value Customers
15147.0,623.5,1,366,623.5,239,1,623.5,1,Low Value Customers
15148.0,301.29,1,187,301.29,10,1,301.29,0,Occasional Customers
15149.0,520.8000000000001,1,128,520.8000000000001,133,1,520.8000000000001,0,Occasional Customers
15150.0,5291.33,10,3642,529.133,16,10,5291.33,0,Occasional Customers
15152.0,4745.69,13,2704,365.0530769230769,9,13,4745.69,0,Occasional Customers
15153.0,329.25,1,198,329.25,30,1,329.25,0,Occasional Customers
15154.0,254.28,1,89,254.28,74,1,254.28,0,Occasional Customers
15156.0,961.49,3,597,320.49666666666667,0,3,961.49,0,Occasional Customers
15157.0,1936.07,3,2392,645.3566666666667,3,3,1936.07,0,Occasional Customers
15158.0,401.40000000000003,1,198,401.40000000000003,44,1,401.40000000000003,0,Occasional Customers
15159.0,18641.010000000002,30,11441,621.3670000000001,1,30,18641.010000000002,3,Regular Customers
15160.0,158.16,1,84,158.16,356,1,158.16,1,Low Value Customers
15163.0,304.47,2,186,152.235,17,2,304.47,0,Occasional Customers
15164.0,824.58,3,351,274.86,68,3,824.58,0,Occasional Customers
15165.0,487.75,1,160,487.75,372,1,487.75,1,Low Value Customers
15167.0,158.8,1,65,158.8,320,1,158.8,1,Low Value Customers
15168.0,106.56,1,52,106.56,25,1,106.56,0,Occasional Customers
15171.0,1289.5,1,290,1289.5,330,1,1289.5,1,Low Value Customers
15172.0,1624.05,5,1611,324.81,8,5,1624.05,0,Occasional Customers
15174.0,135.75,1,145,135.75,322,1,135.75,1,Low Value Customers
15175.0,224.14,1,454,224.14,71,1,224.14,0,Occasional Customers
15178.0,40.5,1,30,40.5,259,1,40.5,1,Low Value Customers
15179.0,2206.95,5,1938,441.39,17,5,2206.95,0,Occasional Customers
15180.0,87.5,1,36,87.5,366,1,87.5,1,Low Value Customers
15181.0,689.4799999999999,3,544,229.82666666666663,65,3,689.4799999999999,0,Occasional Customers
15182.0,622.85,2,253,311.425,153,2,622.85,1,Low Value Customers
15184.0,402.2,2,199,201.1,28,2,402.2,0,Occasional Customers
15185.0,310.62,1,666,310.62,69,1,310.62,0,Occasional Customers
15186.0,411.41,2,215,205.705,13,2,411.41,0,Occasional Customers
15187.0,4777.18,16,1887,298.57375,1,16,4777.18,3,Regular Customers
15189.0,16225.39,41,6149,395.74121951219513,0,41,16225.39,3,Regular Customers
15192.0,1044.32,3,918,348.1066666666666,119,3,1044.32,0,Occasional Customers
15193.0,499.32,1,144,499.32,60,1,499.32,0,Occasional Customers
15194.0,7616.53,15,5703,507.76866666666666,2,15,7616.53,3,Regular Customers
15195.0,3861.0,1,1404,3861.0,2,1,3861.0,0,Occasional Customers
15197.0,1079.6100000000001,3,469,359.87000000000006,10,3,1079.6100000000001,0,Occasional Customers
15198.0,193.64,2,120,96.82,91,2,193.64,0,Occasional Customers
15199.0,1268.7,4,396,317.175,58,4,1268.7,0,Occasional Customers
15201.0,1236.54,5,1210,247.308,86,5,1236.54,0,Occasional Customers
15203.0,1827.8,6,1753,304.6333333333333,25,6,1827.8,0,Occasional Customers
15204.0,316.58,1,258,316.58,356,1,316.58,1,Low Value Customers
15205.0,653.24,2,378,326.62,84,2,653.24,0,Occasional Customers
15206.0,420.29999999999995,4,162,105.07499999999999,9,4,420.29999999999995,0,Occasional Customers
15208.0,870.12,5,316,174.024,0,5,870.12,0,Occasional Customers
15210.0,331.18,1,228,331.18,224,1,331.18,1,Low Value Customers
15211.0,894.4100000000001,2,240,447.20500000000004,59,2,894.4100000000001,0,Occasional Customers
15212.0,101.8,1,36,101.8,240,1,101.8,1,Low Value Customers
15213.0,328.35,2,272,164.175,318,2,328.35,1,Low Value Customers
15214.0,1661.44,8,1254,207.68,1,8,1661.44,0,Occasional Customers
15215.0,734.94,3,225,244.98000000000002,46,3,734.94,0,Occasional Customers
15216.0,96.6,1,28,96.6,87,1,96.6,0,Occasional Customers
15218.0,5756.89,11,3329,523.3536363636364,10,11,5756.89,0,Occasional Customers
15219.0,305.75,1,45,305.75,175,1,305.75,1,Low Value Customers
15220.0,1778.96,6,1393,296.49333333333334,51,6,1778.96,0,Occasional Customers
15221.0,403.25,1,43,403.25,365,1,403.25,1,Low Value Customers
15222.0,585.0,1,440,585.0,318,1,585.0,1,Low Value Customers
15223.0,755.75,2,213,377.875,225,2,755.75,1,Low Value Customers
15224.0,322.08,2,152,161.04,357,2,322.08,1,Low Value Customers
15225.0,409.40000000000003,1,226,409.40000000000003,233,1,409.40000000000003,1,Low Value Customers
15226.0,154.41,1,71,154.41,310,1,154.41,1,Low Value Customers
15227.0,1219.4,5,750,243.88000000000002,36,5,1219.4,0,Occasional Customers
15228.0,3386.71,4,2255,846.6775,65,4,3386.71,0,Occasional Customers
15230.0,429.6,2,351,214.8,238,2,429.6,1,Low Value Customers
15232.0,612.06,2,686,306.03,112,2,612.06,0,Occasional Customers
15234.0,197.0,1,196,197.0,276,1,197.0,1,Low Value Customers
15235.0,2247.51,12,1324,187.29250000000002,217,12,2247.51,1,Low Value Customers
15236.0,321.05,1,269,321.05,298,1,321.05,1,Low Value Customers
15237.0,1412.32,4,1071,353.08,1,4,1412.32,0,Occasional Customers
15238.0,1071.99,3,692,357.33,28,3,1071.99,0,Occasional Customers
15239.0,780.59,2,594,390.295,9,2,780.59,0,Occasional Customers
15240.0,1706.57,5,1369,341.31399999999996,44,5,1706.57,0,Occasional Customers
15241.0,1756.44,8,1818,219.555,66,8,1756.44,0,Occasional Customers
15243.0,316.68,1,185,316.68,73,1,316.68,0,Occasional Customers
15244.0,631.57,2,405,315.785,64,2,631.57,0,Occasional Customers
15245.0,2515.84,3,1784,838.6133333333333,133,3,2515.84,0,Occasional Customers
15246.0,514.15,2,247,257.075,237,2,514.15,1,Low Value Customers
15247.0,356.0,1,160,356.0,121,1,356.0,0,Occasional Customers
15249.0,6688.46,13,3577,514.496923076923,31,13,6688.46,0,Occasional Customers
15251.0,10484.99,11,6171,953.180909090909,8,11,10484.99,0,Occasional Customers
15252.0,740.78,2,522,370.39,35,2,740.78,0,Occasional Customers
15253.0,918.1999999999999,5,866,183.64,15,5,918.1999999999999,0,Occasional Customers
15254.0,300.36,1,275,300.36,126,1,300.36,0,Occasional Customers
15255.0,890.85,1,489,890.85,66,1,890.85,0,Occasional Customers
15256.0,98.45,1,55,98.45,148,1,98.45,1,Low Value Customers
15257.0,317.15,1,46,317.15,282,1,317.15,1,Low Value Customers
15258.0,623.16,2,142,311.58,168,2,623.16,1,Low Value Customers
15260.0,1810.77,7,885,258.68142857142857,99,7,1810.77,0,Occasional Customers
15261.0,254.82,1,270,254.82,134,1,254.82,0,Occasional Customers
15262.0,178.95000000000002,1,73,178.95000000000002,323,1,178.95000000000002,1,Low Value Customers
15263.0,156.51,1,89,156.51,106,1,156.51,0,Occasional Customers
15264.0,393.74,1,265,393.74,63,1,393.74,0,Occasional Customers
15265.0,1506.1200000000001,2,612,753.0600000000001,150,2,1506.1200000000001,1,Low Value Customers
15266.0,119.3,1,18,119.3,337,1,119.3,1,Low Value Customers
15267.0,1717.36,5,944,343.472,21,5,1717.36,0,Occasional Customers
15269.0,408.8,1,26,408.8,23,1,408.8,0,Occasional Customers
15270.0,2379.49,7,1521,339.9271428571428,15,7,2379.49,0,Occasional Customers
15271.0,2493.34,15,1251,166.22266666666667,6,15,2493.34,3,Regular Customers
15272.0,721.94,2,310,360.97,56,2,721.94,0,Occasional Customers
15274.0,716.57,2,619,358.285,3,2,716.57,0,Occasional Customers
15275.0,615.14,1,498,615.14,37,1,615.14,0,Occasional Customers
15276.0,128.63,1,61,128.63,65,1,128.63,0,Occasional Customers
15277.0,255.89999999999998,1,205,255.89999999999998,46,1,255.89999999999998,0,Occasional Customers
15279.0,290.51,1,189,290.51,354,1,290.51,1,Low Value Customers
15280.0,113.12,1,154,113.12,171,1,113.12,1,Low Value Customers
15281.0,2332.15,9,1211,259.1277777777778,58,9,2332.15,0,Occasional Customers
15286.0,240.55,1,55,240.55,49,1,240.55,0,Occasional Customers
15287.0,486.69,2,433,243.345,21,2,486.69,0,Occasional Customers
15288.0,2306.52,5,775,461.304,42,5,2306.52,0,Occasional Customers
15289.0,939.78,3,1008,313.26,28,3,939.78,0,Occasional Customers
15290.0,7943.22,18,4501,441.29,4,18,7943.22,3,Regular Customers
15291.0,4668.3,15,2103,311.22,25,15,4668.3,3,Regular Customers
15292.0,178.39,1,55,178.39,200,1,178.39,1,Low Value Customers
15296.0,3672.86,6,1766,612.1433333333333,50,6,3672.86,0,Occasional Customers
15297.0,641.94,3,292,213.98000000000002,9,3,641.94,0,Occasional Customers
15298.0,4799.9,12,3116,399.9916666666666,1,12,4799.9,0,Occasional Customers
15299.0,4507.01,7,2948,643.8585714285715,66,7,4507.01,0,Occasional Customers
15300.0,496.44,1,292,496.44,63,1,496.44,0,Occasional Customers
15301.0,5049.95,12,2751,420.82916666666665,50,12,5049.95,0,Occasional Customers
15303.0,574.02,1,248,574.02,289,1,574.02,1,Low Value Customers
15304.0,694.4000000000001,8,104,86.80000000000001,60,8,694.4000000000001,0,Occasional Customers
15306.0,1174.35,3,810,391.45,63,3,1174.35,0,Occasional Customers
15307.0,205.3,1,37,205.3,95,1,205.3,0,Occasional Customers
15308.0,310.47,1,175,310.47,273,1,310.47,1,Low Value Customers
15311.0,60632.75,91,38147,666.2939560439561,0,91,60632.75,2,VIP Customers
15312.0,924.85,4,516,231.2125,74,4,924.85,0,Occasional Customers
15313.0,52.0,1,25,52.0,109,1,52.0,0,Occasional Customers
15314.0,327.97,1,313,327.97,198,1,327.97,1,Low Value Customers
15315.0,570.5,2,862,285.25,63,2,570.5,0,Occasional Customers
15316.0,165.0,1,100,165.0,326,1,165.0,1,Low Value Customers
15318.0,312.62,1,642,312.62,3,1,312.62,0,Occasional Customers
15319.0,204.5,1,175,204.5,283,1,204.5,1,Low Value Customers
15320.0,267.13,1,326,267.13,43,1,267.13,0,Occasional Customers
15321.0,2748.31,3,1181,916.1033333333334,70,3,2748.31,0,Occasional Customers
15322.0,679.68,1,416,679.68,85,1,679.68,0,Occasional Customers
15325.0,161.74,1,231,161.74,103,1,161.74,0,Occasional Customers
15326.0,311.71,1,386,311.71,333,1,311.71,1,Low Value Customers
15327.0,208.75,1,116,208.75,52,1,208.75,0,Occasional Customers
15329.0,1049.7,3,486,349.90000000000003,38,3,1049.7,0,Occasional Customers
15330.0,714.96,2,1312,357.48,31,2,714.96,0,Occasional Customers
15332.0,1661.06,4,652,415.265,365,4,1661.06,1,Low Value Customers
15333.0,1028.56,1,344,1028.56,207,1,1028.56,1,Low Value Customers
15334.0,350.82,3,273,116.94,156,3,350.82,1,Low Value Customers
15335.0,170.22,1,79,170.22,53,1,170.22,0,Occasional Customers
15339.0,574.07,2,416,287.035,65,2,574.07,0,Occasional Customers
15341.0,2020.52,1,812,2020.52,80,1,2020.52,0,Occasional Customers
15342.0,406.09,1,283,406.09,129,1,406.09,0,Occasional Customers
15343.0,364.5,1,84,364.5,86,1,364.5,0,Occasional Customers
15344.0,563.94,3,116,187.98000000000002,0,3,563.94,0,Occasional Customers
15345.0,393.54,1,81,393.54,45,1,393.54,0,Occasional Customers
15346.0,252.42000000000002,1,144,252.42000000000002,332,1,252.42000000000002,1,Low Value Customers
15347.0,201.60000000000002,1,130,201.60000000000002,365,1,201.60000000000002,1,Low Value Customers
15348.0,158.04,1,84,158.04,71,1,158.04,0,Occasional Customers
15349.0,463.90999999999997,2,321,231.95499999999998,157,2,463.90999999999997,1,Low Value Customers
15350.0,115.65,1,51,115.65,372,1,115.65,1,Low Value Customers
15351.0,1934.66,7,742,276.38,11,7,1934.66,0,Occasional Customers
15353.0,770.12,2,341,385.06,254,2,770.12,1,Low Value Customers
15355.0,277.05,2,45,138.525,28,2,277.05,0,Occasional Customers
15356.0,2718.03,10,1643,271.803,30,10,2718.03,0,Occasional Customers
15358.0,8347.2,22,7050,379.41818181818184,4,22,8347.2,3,Regular Customers
15360.0,427.93,1,223,427.93,39,1,427.93,0,Occasional Customers
15361.0,418.92,1,336,418.92,361,1,418.92,1,Low Value Customers
15363.0,326.0,1,144,326.0,372,1,326.0,1,Low Value Customers
15364.0,913.19,2,493,456.595,95,2,913.19,0,Occasional Customers
15365.0,2314.32,7,1084,330.6171428571429,25,7,2314.32,0,Occasional Customers
15366.0,602.51,2,621,301.255,74,2,602.51,0,Occasional Customers
15367.0,1877.59,4,1057,469.3975,56,4,1877.59,0,Occasional Customers
15368.0,446.94000000000005,1,230,446.94000000000005,20,1,446.94000000000005,0,Occasional Customers
15370.0,2386.05,7,830,340.86428571428576,40,7,2386.05,0,Occasional Customers
15372.0,2007.3999999999999,1,2924,2007.3999999999999,136,1,2007.3999999999999,0,Occasional Customers
15373.0,2415.91,12,500,201.32583333333332,7,12,2415.91,0,Occasional Customers
15374.0,168.0,1,126,168.0,128,1,168.0,0,Occasional Customers
15376.0,1221.56,3,615,407.18666666666667,39,3,1221.56,0,Occasional Customers
15379.0,3703.29,7,2305,529.0414285714286,168,7,3703.29,1,Low Value Customers
15380.0,1690.2600000000002,5,376,338.052,8,5,1690.2600000000002,0,Occasional Customers
15381.0,596.85,2,171,298.425,213,2,596.85,1,Low Value Customers
15382.0,5955.71,6,4012,992.6183333333333,14,6,5955.71,0,Occasional Customers
15384.0,642.41,2,596,321.205,169,2,642.41,1,Low Value Customers
15385.0,316.88,1,161,316.88,39,1,316.88,0,Occasional Customers
15386.0,394.14,1,446,394.14,185,1,394.14,1,Low Value Customers
15388.0,140.54,1,88,140.54,269,1,140.54,1,Low Value Customers
15389.0,500.0,1,400,500.0,171,1,500.0,1,Low Value Customers
15392.0,1535.53,4,1277,383.8825,4,4,1535.53,0,Occasional Customers
15393.0,231.86,2,150,115.93,15,2,231.86,0,Occasional Customers
15394.0,2183.54,4,910,545.885,9,4,2183.54,0,Occasional Customers
15395.0,107.45,1,17,107.45,325,1,107.45,1,Low Value Customers
15396.0,288.18,1,122,288.18,112,1,288.18,0,Occasional Customers
15397.0,94.0,1,20,94.0,289,1,94.0,1,Low Value Customers
15398.0,1345.53,2,769,672.765,15,2,1345.53,0,Occasional Customers
15399.0,815.77,3,611,271.92333333333335,0,3,815.77,0,Occasional Customers
15400.0,716.2,5,390,143.24,91,5,716.2,0,Occasional Customers
15402.0,626.77,2,694,313.385,148,2,626.77,1,Low Value Customers
15405.0,349.1,1,193,349.1,188,1,349.1,1,Low Value Customers
15406.0,510.71000000000004,2,254,255.35500000000002,30,2,510.71000000000004,0,Occasional Customers
15407.0,1046.74,4,552,261.685,33,4,1046.74,0,Occasional Customers
15408.0,267.18,1,106,267.18,263,1,267.18,1,Low Value Customers
15410.0,3450.84,8,1200,431.355,83,8,3450.84,0,Occasional Customers
15411.0,1348.93,4,529,337.2325,25,4,1348.93,0,Occasional Customers
15412.0,190.53,1,108,190.53,170,1,190.53,1,Low Value Customers
15414.0,774.9000000000001,3,443,258.3,9,3,774.9000000000001,0,Occasional Customers
15415.0,559.61,1,551,559.61,312,1,559.61,1,Low Value Customers
15416.0,3984.32,4,2090,996.08,64,4,3984.32,0,Occasional Customers
15417.0,508.8,1,284,508.8,84,1,508.8,0,Occasional Customers
15419.0,135.86,1,230,135.86,24,1,135.86,0,Occasional Customers
15421.0,950.36,4,500,237.59,58,4,950.36,0,Occasional Customers
15422.0,97.7,2,38,48.85,322,2,97.7,1,Low Value Customers
15423.0,43.5,1,101,43.5,37,1,43.5,0,Occasional Customers
15424.0,383.34,2,554,191.67,253,2,383.34,1,Low Value Customers
15426.0,1404.07,5,656,280.81399999999996,18,5,1404.07,0,Occasional Customers
15427.0,1430.54,3,967,476.84666666666664,32,3,1430.54,0,Occasional Customers
15428.0,93.78,1,102,93.78,14,1,93.78,0,Occasional Customers
15429.0,397.35,2,380,198.675,26,2,397.35,0,Occasional Customers
15432.0,171.19,1,65,171.19,22,1,171.19,0,Occasional Customers
15433.0,533.3,2,534,266.65,213,2,533.3,1,Low Value Customers
15434.0,1041.48,5,647,208.296,7,5,1041.48,0,Occasional Customers
15435.0,149.29,1,54,149.29,21,1,149.29,0,Occasional Customers
15436.0,1067.75,3,574,355.9166666666667,11,3,1067.75,0,Occasional Customers
15437.0,200.16,1,79,200.16,261,1,200.16,1,Low Value Customers
15438.0,156.57999999999998,1,59,156.57999999999998,130,1,156.57999999999998,0,Occasional Customers
15440.0,383.68,3,197,127.89333333333333,54,3,383.68,0,Occasional Customers
15442.0,594.0,1,120,594.0,248,1,594.0,1,Low Value Customers
15443.0,3213.59,7,1639,459.0842857142857,1,7,3213.59,0,Occasional Customers
15444.0,1411.21,2,759,705.605,8,2,1411.21,0,Occasional Customers
15445.0,113.5,1,58,113.5,263,1,113.5,1,Low Value Customers
15447.0,155.17,1,85,155.17,330,1,155.17,1,Low Value Customers
15448.0,494.64,1,232,494.64,312,1,494.64,1,Low Value Customers
15449.0,974.52,3,812,324.84,25,3,974.52,0,Occasional Customers
15450.0,429.84,1,376,429.84,29,1,429.84,0,Occasional Customers
15452.0,528.48,3,280,176.16,29,3,528.48,0,Occasional Customers
15453.0,1371.77,7,837,195.96714285714285,1,7,1371.77,0,Occasional Customers
15454.0,179.1,1,86,179.1,361,1,179.1,1,Low Value Customers
15456.0,434.59000000000003,3,633,144.86333333333334,282,3,434.59000000000003,1,Low Value Customers
15457.0,237.07,1,132,237.07,261,1,237.07,1,Low Value Customers
15458.0,161.64,1,156,161.64,24,1,161.64,0,Occasional Customers
15460.0,214.26,1,107,214.26,353,1,214.26,1,Low Value Customers
15462.0,234.6,3,172,78.2,93,3,234.6,0,Occasional Customers
15463.0,126.14,1,106,126.14,28,1,126.14,0,Occasional Customers
15464.0,1044.65,1,348,1044.65,337,1,1044.65,1,Low Value Customers
15465.0,7354.62,18,1257,408.59,19,18,7354.62,3,Regular Customers
15466.0,334.53,1,246,334.53,84,1,334.53,0,Occasional Customers
15467.0,524.88,3,310,174.96,8,3,524.88,0,Occasional Customers
15468.0,467.51,2,155,233.755,50,2,467.51,0,Occasional Customers
15469.0,538.55,2,153,269.275,49,2,538.55,0,Occasional Customers
15471.0,454.48,1,256,454.48,1,1,454.48,0,Occasional Customers
15472.0,371.56,1,251,371.56,112,1,371.56,0,Occasional Customers
15473.0,1771.2,7,672,253.02857142857144,13,7,1771.2,0,Occasional Customers
15475.0,454.10999999999996,1,319,454.10999999999996,76,1,454.10999999999996,0,Occasional Customers
15478.0,1399.92,2,575,699.96,39,2,1399.92,0,Occasional Customers
15480.0,905.5,1,303,905.5,115,1,905.5,0,Occasional Customers
15482.0,10879.76,12,5004,906.6466666666666,15,12,10879.76,3,Regular Customers
15483.0,225.26,4,291,56.315,160,4,225.26,1,Low Value Customers
15484.0,3590.41,4,3150,897.6025,0,4,3590.41,0,Occasional Customers
15485.0,2564.5,3,1281,854.8333333333334,29,3,2564.5,0,Occasional Customers
15488.0,91.32000000000001,1,73,91.32000000000001,92,1,91.32000000000001,0,Occasional Customers
15489.0,1134.28,3,608,378.0933333333333,22,3,1134.28,0,Occasional Customers
15491.0,3100.09,6,1646,516.6816666666667,94,6,3100.09,0,Occasional Customers
15492.0,659.4599999999999,2,483,329.72999999999996,27,2,659.4599999999999,0,Occasional Customers
15493.0,1953.41,5,551,390.682,32,5,1953.41,0,Occasional Customers
15494.0,1280.58,2,1139,640.29,20,2,1280.58,0,Occasional Customers
15497.0,1262.2,2,624,631.1,17,2,1262.2,0,Occasional Customers
15498.0,13316.4,27,6105,493.2,2,27,13316.4,3,Regular Customers
15500.0,1131.56,4,572,282.89,7,4,1131.56,0,Occasional Customers
15502.0,10384.93,12,4236,865.4108333333334,15,12,10384.93,3,Regular Customers
15503.0,141.04,1,70,141.04,362,1,141.04,1,Low Value Customers
15504.0,52.83,1,33,52.83,80,1,52.83,0,Occasional Customers
15505.0,3610.96,5,2390,722.192,52,5,3610.96,0,Occasional Customers
15506.0,972.08,3,842,324.0266666666667,22,3,972.08,0,Occasional Customers
15507.0,475.86,1,160,475.86,171,1,475.86,1,Low Value Customers
15508.0,1000.27,6,440,166.71166666666667,188,6,1000.27,1,Low Value Customers
15510.0,250.0,1,2,250.0,330,1,250.0,1,Low Value Customers
15511.0,900.53,5,269,180.106,11,5,900.53,0,Occasional Customers
15512.0,121.0,2,68,60.5,155,2,121.0,1,Low Value Customers
15513.0,14758.220000000001,19,5709,776.7484210526317,32,19,14758.220000000001,3,Regular Customers
15514.0,4023.7200000000003,11,2098,365.7927272727273,11,11,4023.7200000000003,0,Occasional Customers
15516.0,62.43,3,27,20.81,44,3,62.43,0,Occasional Customers
15517.0,267.03,1,293,267.03,232,1,267.03,1,Low Value Customers
15518.0,1921.55,8,1263,240.19375,63,8,1921.55,0,Occasional Customers
15520.0,343.5,1,314,343.5,1,1,343.5,0,Occasional Customers
15521.0,3000.2,8,1836,375.025,39,8,3000.2,0,Occasional Customers
15522.0,397.99,2,572,198.995,32,2,397.99,0,Occasional Customers
15523.0,412.01000000000005,1,132,412.01000000000005,83,1,412.01000000000005,0,Occasional Customers
15524.0,440.0,1,4,440.0,24,1,440.0,0,Occasional Customers
15525.0,734.37,3,387,244.79,1,3,734.37,0,Occasional Customers
15526.0,148.44,2,24,74.22,32,2,148.44,0,Occasional Customers
15527.0,2428.53,8,991,303.56625,18,8,2428.53,0,Occasional Customers
15528.0,229.33,1,123,229.33,253,1,229.33,1,Low Value Customers
15529.0,3962.6,11,3455,360.23636363636365,22,11,3962.6,0,Occasional Customers
15530.0,1497.31,4,938,374.3275,21,4,1497.31,0,Occasional Customers
15531.0,1972.39,2,1085,986.195,7,2,1972.39,0,Occasional Customers
15532.0,1564.73,4,515,391.1825,24,4,1564.73,0,Occasional Customers
15533.0,807.57,3,289,269.19,18,3,807.57,0,Occasional Customers
15535.0,502.9,4,135,125.725,172,4,502.9,1,Low Value Customers
15537.0,110.92,1,29,110.92,162,1,110.92,1,Low Value Customers
15539.0,538.46,1,410,538.46,6,1,538.46,0,Occasional Customers
15540.0,213.3,1,200,213.3,10,1,213.3,0,Occasional Customers
15541.0,85.13000000000001,1,49,85.13000000000001,113,1,85.13000000000001,0,Occasional Customers
15543.0,127.86,1,86,127.86,287,1,127.86,1,Low Value Customers
15544.0,3546.71,9,3109,394.0788888888889,8,9,3546.71,0,Occasional Customers
15545.0,288.96999999999997,2,162,144.48499999999999,53,2,288.96999999999997,0,Occasional Customers
15547.0,4910.6,14,3999,350.75714285714287,6,14,4910.6,3,Regular Customers
15549.0,1681.46,3,694,560.4866666666667,76,3,1681.46,0,Occasional Customers
15550.0,575.63,4,295,143.9075,3,4,575.63,0,Occasional Customers
15551.0,436.06,1,218,436.06,36,1,436.06,0,Occasional Customers
15552.0,90.12,1,60,90.12,216,1,90.12,1,Low Value Customers
15553.0,428.93,1,449,428.93,59,1,428.93,0,Occasional Customers
15554.0,217.2,1,74,217.2,277,1,217.2,1,Low Value Customers
15555.0,4794.86,16,4427,299.67875,11,16,4794.86,3,Regular Customers
15556.0,279.77,1,236,279.77,23,1,279.77,0,Occasional Customers
15557.0,468.91,1,213,468.91,28,1,468.91,0,Occasional Customers
15561.0,800.59,4,267,200.1475,11,4,800.59,0,Occasional Customers
15562.0,134.55,1,39,134.55,351,1,134.55,1,Low Value Customers
15563.0,1400.44,4,1501,350.11,21,4,1400.44,0,Occasional Customers
15565.0,173.16,2,60,86.58,49,2,173.16,0,Occasional Customers
15567.0,186.01,1,223,186.01,18,1,186.01,0,Occasional Customers
15568.0,758.29,3,461,252.76333333333332,2,3,758.29,0,Occasional Customers
15569.0,1375.71,5,666,275.142,103,5,1375.71,0,Occasional Customers
15570.0,4148.82,12,2063,345.73499999999996,6,12,4148.82,0,Occasional Customers
15571.0,650.4300000000001,4,264,162.60750000000002,11,4,650.4300000000001,0,Occasional Customers
15572.0,2533.42,7,1213,361.9171428571429,4,7,2533.42,0,Occasional Customers
15573.0,591.1899999999999,2,355,295.59499999999997,31,2,591.1899999999999,0,Occasional Customers
15574.0,675.64,4,332,168.91,177,4,675.64,1,Low Value Customers
15576.0,921.37,1,394,921.37,37,1,921.37,0,Occasional Customers
15577.0,258.88,3,89,86.29333333333334,150,3,258.88,1,Low Value Customers
15578.0,127.1,1,52,127.1,161,1,127.1,1,Low Value Customers
15579.0,327.6,2,117,163.8,68,2,327.6,0,Occasional Customers
15581.0,3675.77,13,283,282.7515384615385,120,13,3675.77,0,Occasional Customers
15582.0,682.9100000000001,3,453,227.63666666666668,24,3,682.9100000000001,0,Occasional Customers
15584.0,720.86,4,313,180.215,23,4,720.86,0,Occasional Customers
15585.0,455.3,1,320,455.3,176,1,455.3,1,Low Value Customers
15587.0,913.6800000000001,4,312,228.42000000000002,49,4,913.6800000000001,0,Occasional Customers
15589.0,478.53000000000003,3,243,159.51000000000002,255,3,478.53000000000003,1,Low Value Customers
15592.0,388.58,1,354,388.58,46,1,388.58,0,Occasional Customers
15593.0,199.8,1,60,199.8,70,1,199.8,0,Occasional Customers
15594.0,1771.78,5,983,354.356,15,5,1771.78,0,Occasional Customers
15596.0,1406.59,5,561,281.318,100,5,1406.59,0,Occasional Customers
15597.0,324.57,1,279,324.57,34,1,324.57,0,Occasional Customers
15598.0,240.68,1,160,240.68,52,1,240.68,0,Occasional Customers
15599.0,761.74,2,718,380.87,26,2,761.74,0,Occasional Customers
15601.0,6776.56,14,4983,484.04,10,14,6776.56,3,Regular Customers
15602.0,1297.8700000000001,9,1137,144.20777777777778,7,9,1297.8700000000001,0,Occasional Customers
15603.0,48.480000000000004,1,96,48.480000000000004,78,1,48.480000000000004,0,Occasional Customers
15604.0,216.39,1,159,216.39,51,1,216.39,0,Occasional Customers
15605.0,1198.23,5,441,239.64600000000002,35,5,1198.23,0,Occasional Customers
15606.0,2920.16,9,892,324.4622222222222,60,9,2920.16,0,Occasional Customers
15607.0,104.76,1,202,104.76,336,1,104.76,1,Low Value Customers
15608.0,1093.68,4,714,273.42,27,4,1093.68,0,Occasional Customers
15609.0,298.48,1,148,298.48,183,1,298.48,1,Low Value Customers
15610.0,112.46000000000001,1,66,112.46000000000001,51,1,112.46000000000001,0,Occasional Customers
15611.0,1591.45,13,504,122.41923076923078,9,13,1591.45,0,Occasional Customers
15612.0,195.15,2,52,97.575,35,2,195.15,0,Occasional Customers
15615.0,10399.74,23,5508,452.1626086956522,9,23,10399.74,3,Regular Customers
15618.0,776.851,4,454,194.21275,32,4,776.851,0,Occasional Customers
15619.0,336.40000000000003,1,136,336.40000000000003,10,1,336.40000000000003,0,Occasional Customers
15620.0,1553.18,3,915,517.7266666666667,56,3,1553.18,0,Occasional Customers
15621.0,1293.03,4,501,323.2575,3,4,1293.03,0,Occasional Customers
15622.0,3709.56,9,1674,412.17333333333335,42,9,3709.56,0,Occasional Customers
15623.0,301.03,1,125,301.03,140,1,301.03,0,Occasional Customers
15624.0,588.13,4,357,147.0325,116,4,588.13,0,Occasional Customers
15625.0,1534.26,4,1188,383.565,103,4,1534.26,0,Occasional Customers
15626.0,675.8,2,766,337.9,74,2,675.8,0,Occasional Customers
15628.0,2870.2400000000002,9,1894,318.91555555555556,4,9,2870.2400000000002,0,Occasional Customers
15630.0,1186.35,2,800,593.175,44,2,1186.35,0,Occasional Customers
15632.0,3285.31,8,2109,410.66375,15,8,3285.31,0,Occasional Customers
15634.0,243.55,1,99,243.55,16,1,243.55,0,Occasional Customers
15636.0,724.76,2,284,362.38,89,2,724.76,0,Occasional Customers
15637.0,223.36,1,128,223.36,52,1,223.36,0,Occasional Customers
15639.0,425.32,1,323,425.32,133,1,425.32,0,Occasional Customers
15640.0,12416.11,15,6572,827.7406666666667,3,15,12416.11,3,Regular Customers
15641.0,1887.2,4,1562,471.8,104,4,1887.2,0,Occasional Customers
15643.0,664.0,3,246,221.33333333333334,191,3,664.0,1,Low Value Customers
15644.0,803.54,4,550,200.885,165,4,803.54,1,Low Value Customers
15645.0,612.01,1,256,612.01,18,1,612.01,0,Occasional Customers
15646.0,447.64000000000004,3,394,149.21333333333334,157,3,447.64000000000004,1,Low Value Customers
15648.0,639.5,2,218,319.75,203,2,639.5,1,Low Value Customers
15649.0,816.0,2,192,408.0,335,2,816.0,1,Low Value Customers
15651.0,646.3,3,479,215.4333333333333,36,3,646.3,0,Occasional Customers
15652.0,337.74,1,208,337.74,90,1,337.74,0,Occasional Customers
15653.0,877.4399999999999,2,1200,438.71999999999997,92,2,877.4399999999999,0,Occasional Customers
15654.0,922.53,2,475,461.265,8,2,922.53,0,Occasional Customers
15655.0,560.67,1,324,560.67,242,1,560.67,1,Low Value Customers
15656.0,748.5,4,343,187.125,44,4,748.5,0,Occasional Customers
15657.0,30.0,1,24,30.0,22,1,30.0,0,Occasional Customers
15658.0,1024.1000000000001,5,242,204.82000000000002,189,5,1024.1000000000001,1,Low Value Customers
15659.0,306.45,1,111,306.45,43,1,306.45,0,Occasional Customers
15660.0,1600.86,9,1050,177.87333333333333,24,9,1600.86,0,Occasional Customers
15661.0,309.8,2,236,154.9,316,2,309.8,1,Low Value Customers
15663.0,138.14,1,106,138.14,105,1,138.14,0,Occasional Customers
15664.0,386.43,1,157,386.43,50,1,386.43,0,Occasional Customers
15665.0,2222.21,2,1654,1111.105,167,2,2222.21,1,Low Value Customers
15667.0,301.32,1,240,301.32,39,1,301.32,0,Occasional Customers
15668.0,76.32000000000001,1,72,76.32000000000001,217,1,76.32000000000001,1,Low Value Customers
15669.0,684.34,4,342,171.085,39,4,684.34,0,Occasional Customers
15670.0,173.05,1,91,173.05,296,1,173.05,1,Low Value Customers
15671.0,2657.13,7,1699,379.59000000000003,18,7,2657.13,0,Occasional Customers
15673.0,2726.23,4,1451,681.5575,87,4,2726.23,0,Occasional Customers
15674.0,2446.6,5,1275,489.32,72,5,2446.6,0,Occasional Customers
15675.0,323.69,3,527,107.89666666666666,80,3,323.69,0,Occasional Customers
15676.0,3435.76,3,2252,1145.2533333333333,18,3,3435.76,0,Occasional Customers
15677.0,657.23,1,319,657.23,48,1,657.23,0,Occasional Customers
15678.0,352.7,1,184,352.7,52,1,352.7,0,Occasional Customers
15679.0,781.28,4,1170,195.32,23,4,781.28,0,Occasional Customers
15680.0,1333.68,3,952,444.56,8,3,1333.68,0,Occasional Customers
15681.0,1426.16,5,816,285.232,24,5,1426.16,0,Occasional Customers
15683.0,193.75,1,131,193.75,116,1,193.75,0,Occasional Customers
15687.0,2993.1,9,1310,332.56666666666666,8,9,2993.1,0,Occasional Customers
15689.0,254.1,2,84,127.05,119,2,254.1,0,Occasional Customers
15690.0,239.76,2,408,119.88,3,2,239.76,0,Occasional Customers
15691.0,136.8,1,72,136.8,251,1,136.8,1,Low Value Customers
15692.0,191.04,1,138,191.04,27,1,191.04,0,Occasional Customers
15694.0,6479.4,14,1677,462.8142857142857,0,14,6479.4,3,Regular Customers
15695.0,409.98,2,212,204.99,266,2,409.98,1,Low Value Customers
15696.0,2711.11,8,1015,338.88875,32,8,2711.11,0,Occasional Customers
15699.0,309.65,1,113,309.65,17,1,309.65,0,Occasional Customers
15700.0,696.68,2,357,348.34,171,2,696.68,1,Low Value Customers
15701.0,1529.0,4,912,382.25,1,4,1529.0,0,Occasional Customers
15703.0,211.5,1,66,211.5,264,1,211.5,1,Low Value Customers
15704.0,2293.62,4,1028,573.405,139,4,2293.62,0,Occasional Customers
15705.0,143.1,1,62,143.1,200,1,143.1,1,Low Value Customers
15706.0,1060.56,4,321,265.14,63,4,1060.56,0,Occasional Customers
15707.0,916.98,4,594,229.245,34,4,916.98,0,Occasional Customers
15708.0,3235.25,7,1217,462.17857142857144,40,7,3235.25,0,Occasional Customers
15709.0,133.25,1,121,133.25,283,1,133.25,1,Low Value Customers
15712.0,1072.3600000000001,5,486,214.47200000000004,8,5,1072.3600000000001,0,Occasional Customers
15713.0,356.7,2,150,178.35,142,2,356.7,0,Occasional Customers
15714.0,330.03000000000003,2,186,165.01500000000001,11,2,330.03000000000003,0,Occasional Customers
15716.0,1101.1100000000001,4,738,275.27750000000003,145,4,1101.1100000000001,0,Occasional Customers
15717.0,150.3,1,70,150.3,233,1,150.3,1,Low Value Customers
15719.0,5030.07,13,2718,386.92846153846153,32,13,5030.07,0,Occasional Customers
15720.0,598.73,1,281,598.73,23,1,598.73,0,Occasional Customers
15721.0,471.40000000000003,1,388,471.40000000000003,11,1,471.40000000000003,0,Occasional Customers
15722.0,2211.21,5,1023,442.242,35,5,2211.21,0,Occasional Customers
15723.0,190.7,1,73,190.7,364,1,190.7,1,Low Value Customers
15724.0,218.25,2,73,109.125,200,2,218.25,1,Low Value Customers
15725.0,415.25,1,221,415.25,14,1,415.25,0,Occasional Customers
15727.0,5159.06,7,3063,737.0085714285715,16,7,5159.06,0,Occasional Customers
15729.0,85.0,1,28,85.0,212,1,85.0,1,Low Value Customers
15730.0,1120.88,3,689,373.6266666666667,65,3,1120.88,0,Occasional Customers
15732.0,294.12,2,215,147.06,211,2,294.12,1,Low Value Customers
15733.0,162.3,1,62,162.3,282,1,162.3,1,Low Value Customers
15734.0,1339.45,2,346,669.725,114,2,1339.45,0,Occasional Customers
15737.0,1188.1200000000001,8,597,148.51500000000001,14,8,1188.1200000000001,0,Occasional Customers
15738.0,4812.42,16,2982,300.77625,18,16,4812.42,3,Regular Customers
15739.0,449.12,1,472,449.12,65,1,449.12,0,Occasional Customers
15740.0,154.88,1,152,154.88,48,1,154.88,0,Occasional Customers
15743.0,775.96,4,214,193.99,15,4,775.96,0,Occasional Customers
15744.0,34.8,1,120,34.8,77,1,34.8,0,Occasional Customers
15745.0,1094.59,4,421,273.6475,18,4,1094.59,0,Occasional Customers
15746.0,196.88,1,178,196.88,133,1,196.88,0,Occasional Customers
15747.0,946.64,3,466,315.5466666666667,12,3,946.64,0,Occasional Customers
15748.0,144.36,1,50,144.36,39,1,144.36,0,Occasional Customers
15749.0,44534.3,3,18028,14844.766666666668,234,3,44534.3,3,Regular Customers
15750.0,2463.05,8,1783,307.88125,2,8,2463.05,0,Occasional Customers
15752.0,2626.6,7,1960,375.2285714285714,39,7,2626.6,0,Occasional Customers
15753.0,79.2,1,144,79.2,304,1,79.2,1,Low Value Customers
15754.0,458.57,3,199,152.85666666666665,50,3,458.57,0,Occasional Customers
15755.0,2364.25,6,1427,394.0416666666667,9,6,2364.25,0,Occasional Customers
15756.0,528.01,4,241,132.0025,60,4,528.01,0,Occasional Customers
15757.0,714.42,2,491,357.21,65,2,714.42,0,Occasional Customers
15758.0,205.25,1,47,205.25,24,1,205.25,0,Occasional Customers
15759.0,253.04,3,60,84.34666666666666,217,3,253.04,1,Low Value Customers
15762.0,583.75,2,251,291.875,64,2,583.75,0,Occasional Customers
15763.0,1086.92,2,271,543.46,31,2,1086.92,0,Occasional Customers
15764.0,3279.97,6,2050,546.6616666666666,87,6,3279.97,0,Occasional Customers
15766.0,315.06,1,170,315.06,63,1,315.06,0,Occasional Customers
15768.0,621.8299999999999,3,244,207.27666666666664,115,3,621.8299999999999,0,Occasional Customers
15769.0,56252.72,26,29672,2163.566153846154,6,26,56252.72,3,Regular Customers
15773.0,635.6800000000001,1,311,635.6800000000001,5,1,635.6800000000001,0,Occasional Customers
15774.0,270.8,1,87,270.8,68,1,270.8,0,Occasional Customers
15775.0,104.9,1,68,104.9,244,1,104.9,1,Low Value Customers
15776.0,241.62,1,138,241.62,132,1,241.62,0,Occasional Customers
15777.0,1047.11,4,378,261.7775,240,4,1047.11,1,Low Value Customers
15780.0,475.28000000000003,3,220,158.42666666666668,183,3,475.28000000000003,1,Low Value Customers
15781.0,345.46,3,180,115.15333333333332,24,3,345.46,0,Occasional Customers
15782.0,2614.7400000000002,3,864,871.58,9,3,2614.7400000000002,0,Occasional Customers
15783.0,246.3,1,212,246.3,10,1,246.3,0,Occasional Customers
15785.0,2328.9700000000003,5,1612,465.79400000000004,32,5,2328.9700000000003,0,Occasional Customers
15786.0,4919.0,3,3340,1639.6666666666667,45,3,4919.0,0,Occasional Customers
15787.0,933.26,3,534,311.08666666666664,25,3,933.26,0,Occasional Customers
15789.0,351.3,1,438,351.3,357,1,351.3,1,Low Value Customers
15790.0,218.75,1,113,218.75,9,1,218.75,0,Occasional Customers
15791.0,1612.69,2,731,806.345,43,2,1612.69,0,Occasional Customers
15793.0,965.61,3,553,321.87,14,3,965.61,0,Occasional Customers
15795.0,610.01,1,581,610.01,149,1,610.01,1,Low Value Customers
15796.0,2708.61,8,860,338.57625,0,8,2708.61,0,Occasional Customers
15797.0,2207.4,4,873,551.85,112,4,2207.4,0,Occasional Customers
15799.0,884.14,3,955,294.7133333333333,75,3,884.14,0,Occasional Customers
15800.0,696.89,2,332,348.445,106,2,696.89,0,Occasional Customers
15801.0,1063.95,3,570,354.65000000000003,45,3,1063.95,0,Occasional Customers
15802.0,451.42,1,1,451.42,142,1,451.42,1,Low Value Customers
15803.0,415.82000000000005,1,290,415.82000000000005,50,1,415.82000000000005,0,Occasional Customers
15804.0,4206.39,13,2565,323.5684615384616,0,13,4206.39,0,Occasional Customers
15805.0,5488.18,17,3367,322.83411764705886,22,17,5488.18,3,Regular Customers
15806.0,784.58,3,602,261.5266666666667,45,3,784.58,0,Occasional Customers
15807.0,903.9,3,430,301.3,49,3,903.9,0,Occasional Customers
15808.0,3651.27,4,1305,912.8175,305,4,3651.27,1,Low Value Customers
15809.0,515.77,5,301,103.154,35,5,515.77,0,Occasional Customers
15810.0,1391.98,4,861,347.995,78,4,1391.98,0,Occasional Customers
15811.0,2218.62,6,1071,369.77,21,6,2218.62,0,Occasional Customers
15812.0,1801.14,5,922,360.228,106,5,1801.14,0,Occasional Customers
15813.0,1303.9099999999999,2,603,651.9549999999999,207,2,1303.9099999999999,1,Low Value Customers
15814.0,1945.33,4,1271,486.3325,16,4,1945.33,0,Occasional Customers
15815.0,2100.6,5,1856,420.12,63,5,2100.6,0,Occasional Customers
15819.0,1905.45,4,1357,476.3625,48,4,1905.45,0,Occasional Customers
15820.0,206.98,1,128,206.98,319,1,206.98,1,Low Value Customers
15821.0,570.96,2,202,285.48,43,2,570.96,0,Occasional Customers
15822.0,885.47,2,375,442.735,2,2,885.47,0,Occasional Customers
15823.0,15.0,1,1,15.0,371,1,15.0,1,Low Value Customers
15825.0,532.94,1,220,532.94,171,1,532.94,1,Low Value Customers
15826.0,1654.31,3,963,551.4366666666666,55,3,1654.31,0,Occasional Customers
15827.0,1836.0900000000001,14,882,131.14928571428572,72,14,1836.0900000000001,0,Occasional Customers
15829.0,636.14,2,996,318.07,98,2,636.14,0,Occasional Customers
15830.0,576.0,1,415,576.0,37,1,576.0,0,Occasional Customers
15831.0,794.64,3,1092,264.88,57,3,794.64,0,Occasional Customers
15832.0,836.79,1,465,836.79,253,1,836.79,1,Low Value Customers
15834.0,2225.15,4,961,556.2875,69,4,2225.15,0,Occasional Customers
15835.0,954.09,4,439,238.5225,43,4,954.09,0,Occasional Customers
15836.0,137.37,1,26,137.37,49,1,137.37,0,Occasional Customers
15837.0,391.98,1,189,391.98,64,1,391.98,0,Occasional Customers
15838.0,33643.08,19,18368,1770.6884210526316,10,19,33643.08,3,Regular Customers
15839.0,1048.49,3,675,349.49666666666667,32,3,1048.49,0,Occasional Customers
15840.0,355.56,2,396,177.78,58,2,355.56,0,Occasional Customers
15841.0,1224.06,4,942,306.015,72,4,1224.06,0,Occasional Customers
15843.0,118.95000000000002,1,27,118.95000000000002,303,1,118.95000000000002,1,Low Value Customers
15844.0,130.73999999999998,1,134,130.73999999999998,45,1,130.73999999999998,0,Occasional Customers
15845.0,3711.77,8,1926,463.97125,17,8,3711.77,0,Occasional Customers
15847.0,389.27,2,449,194.635,37,2,389.27,0,Occasional Customers
15850.0,234.88,2,298,117.44,18,2,234.88,0,Occasional Customers
15852.0,160.71,2,48,80.355,186,2,160.71,1,Low Value Customers
15853.0,110.8,1,135,110.8,51,1,110.8,0,Occasional Customers
15854.0,2969.12,12,926,247.42666666666665,3,12,2969.12,0,Occasional Customers
15855.0,712.24,5,470,142.448,136,5,712.24,0,Occasional Customers
15856.0,16143.64,27,10866,597.9125925925925,3,27,16143.64,3,Regular Customers
15857.0,297.0,1,308,297.0,18,1,297.0,0,Occasional Customers
15858.0,1427.57,5,1163,285.514,15,5,1427.57,0,Occasional Customers
15860.0,965.16,8,437,120.645,40,8,965.16,0,Occasional Customers
15861.0,3146.92,8,2528,393.365,11,8,3146.92,0,Occasional Customers
15862.0,832.88,4,585,208.22,7,4,832.88,0,Occasional Customers
15863.0,68.84,2,19,34.42,25,2,68.84,0,Occasional Customers
15864.0,1936.3200000000002,6,1192,322.72,21,6,1936.3200000000002,0,Occasional Customers
15865.0,895.13,3,368,298.37666666666667,40,3,895.13,0,Occasional Customers
15866.0,211.89,1,124,211.89,100,1,211.89,0,Occasional Customers
15867.0,3810.14,15,2052,254.00933333333333,4,15,3810.14,3,Regular Customers
15869.0,149.64,2,175,74.82,276,2,149.64,1,Low Value Customers
15870.0,351.44,1,333,351.44,32,1,351.44,0,Occasional Customers
15872.0,316.25,2,187,158.125,14,2,316.25,0,Occasional Customers
15874.0,4405.88,7,2534,629.4114285714286,63,7,4405.88,0,Occasional Customers
15877.0,490.33,2,368,245.165,1,2,490.33,0,Occasional Customers
15880.0,329.03000000000003,1,202,329.03000000000003,368,1,329.03000000000003,1,Low Value Customers
15881.0,501.39000000000004,5,260,100.278,311,5,501.39000000000004,1,Low Value Customers
15882.0,516.36,4,276,129.09,198,4,516.36,1,Low Value Customers
15883.0,396.48,2,223,198.24,1,2,396.48,0,Occasional Customers
15885.0,379.35,3,111,126.45,92,3,379.35,0,Occasional Customers
15886.0,181.09,1,147,181.09,59,1,181.09,0,Occasional Customers
15888.0,168.31,1,76,168.31,80,1,168.31,0,Occasional Customers
15889.0,420.07,2,206,210.035,156,2,420.07,1,Low Value Customers
15891.0,511.68,1,418,511.68,226,1,511.68,1,Low Value Customers
15894.0,258.25,2,164,129.125,252,2,258.25,1,Low Value Customers
15895.0,179.17,1,94,179.17,149,1,179.17,1,Low Value Customers
15897.0,208.59,2,223,104.295,193,2,208.59,1,Low Value Customers
15898.0,1383.83,5,567,276.76599999999996,0,5,1383.83,0,Occasional Customers
15899.0,56.25,1,39,56.25,368,1,56.25,1,Low Value Customers
15900.0,337.28,1,216,337.28,23,1,337.28,0,Occasional Customers
15901.0,351.73,3,379,117.24333333333334,16,3,351.73,0,Occasional Customers
15903.0,5126.76,7,2410,732.3942857142857,9,7,5126.76,0,Occasional Customers
15904.0,164.68,1,84,164.68,7,1,164.68,0,Occasional Customers
15906.0,1567.69,7,544,223.9557142857143,19,7,1567.69,0,Occasional Customers
15907.0,882.72,3,478,294.24,3,3,882.72,0,Occasional Customers
15909.0,191.94,1,98,191.94,173,1,191.94,1,Low Value Customers
15910.0,1228.88,8,1013,153.61,0,8,1228.88,0,Occasional Customers
15912.0,264.62,2,185,132.31,177,2,264.62,1,Low Value Customers
15916.0,1502.8600000000001,8,752,187.85750000000002,15,8,1502.8600000000001,0,Occasional Customers
15917.0,123.1,1,42,123.1,247,1,123.1,1,Low Value Customers
15918.0,334.23,2,153,167.115,190,2,334.23,1,Low Value Customers
15919.0,525.69,2,385,262.845,19,2,525.69,0,Occasional Customers
15920.0,167.5,4,99,41.875,153,4,167.5,1,Low Value Customers
15921.0,323.03000000000003,1,162,323.03000000000003,172,1,323.03000000000003,1,Low Value Customers
15922.0,369.5,1,138,369.5,372,1,369.5,1,Low Value Customers
15923.0,127.08,1,122,127.08,372,1,127.08,1,Low Value Customers
15925.0,207.15,1,93,207.15,193,1,207.15,1,Low Value Customers
15930.0,426.63,1,139,426.63,66,1,426.63,0,Occasional Customers
15932.0,2495.87,8,2325,311.98375,3,8,2495.87,0,Occasional Customers
15933.0,1107.46,3,885,369.15333333333336,20,3,1107.46,0,Occasional Customers
15935.0,416.86,2,115,208.43,238,2,416.86,1,Low Value Customers
15937.0,145.35,1,73,145.35,63,1,145.35,0,Occasional Customers
15938.0,404.58,5,240,80.916,111,5,404.58,0,Occasional Customers
15939.0,6115.01,15,4728,407.6673333333334,89,15,6115.01,3,Regular Customers
15940.0,35.8,1,4,35.8,310,1,35.8,1,Low Value Customers
15942.0,337.44,1,232,337.44,133,1,337.44,0,Occasional Customers
15944.0,325.1,1,50,325.1,276,1,325.1,1,Low Value Customers
15945.0,181.0,1,52,181.0,364,1,181.0,1,Low Value Customers
15947.0,1708.24,1,898,1708.24,82,1,1708.24,0,Occasional Customers
15948.0,955.24,2,567,477.62,7,2,955.24,0,Occasional Customers
15949.0,364.72,2,284,182.36,16,2,364.72,0,Occasional Customers
15950.0,1744.71,4,719,436.1775,31,4,1744.71,0,Occasional Customers
15951.0,708.22,2,313,354.11,8,2,708.22,0,Occasional Customers
15952.0,781.91,4,391,195.4775,33,4,781.91,0,Occasional Customers
15953.0,1657.28,8,891,207.16,14,8,1657.28,0,Occasional Customers
15955.0,4416.26,14,2135,315.44714285714286,23,14,4416.26,0,Occasional Customers
15957.0,428.89,1,211,428.89,31,1,428.89,0,Occasional Customers
15958.0,104.35,1,33,104.35,73,1,104.35,0,Occasional Customers
15963.0,470.76,2,298,235.38,19,2,470.76,0,Occasional Customers
15965.0,808.87,4,434,202.2175,16,4,808.87,0,Occasional Customers
15967.0,397.68,2,205,198.84,22,2,397.68,0,Occasional Customers
15969.0,666.1,3,124,222.03333333333333,2,3,666.1,0,Occasional Customers
15970.0,314.1,1,116,314.1,303,1,314.1,1,Low Value Customers
15971.0,4199.85,12,1717,349.9875,17,12,4199.85,0,Occasional Customers
15973.0,307.82000000000005,1,106,307.82000000000005,366,1,307.82000000000005,1,Low Value Customers
15974.0,3442.15,7,2262,491.7357142857143,38,7,3442.15,0,Occasional Customers
15975.0,371.01,1,243,371.01,83,1,371.01,0,Occasional Customers
15976.0,427.64,2,275,213.82,164,2,427.64,1,Low Value Customers
15977.0,1054.73,2,1016,527.365,16,2,1054.73,0,Occasional Customers
15978.0,1098.78,1,888,1098.78,76,1,1098.78,0,Occasional Customers
15980.0,2398.86,3,1560,799.62,88,3,2398.86,0,Occasional Customers
15981.0,3408.48,8,1866,426.06,24,8,3408.48,0,Occasional Customers
15983.0,1465.12,4,886,366.28,21,4,1465.12,0,Occasional Customers
15984.0,2780.63,10,1815,278.063,2,10,2780.63,0,Occasional Customers
15985.0,1142.42,2,1086,571.21,122,2,1142.42,0,Occasional Customers
15986.0,168.12,1,268,168.12,29,1,168.12,0,Occasional Customers
15987.0,1432.77,7,1533,204.68142857142857,11,7,1432.77,0,Occasional Customers
15988.0,156.78,1,180,156.78,18,1,156.78,0,Occasional Customers
15990.0,792.11,2,443,396.055,43,2,792.11,0,Occasional Customers
15992.0,41.989999999999995,1,17,41.989999999999995,3,1,41.989999999999995,0,Occasional Customers
15993.0,2777.67,7,2037,396.81,8,7,2777.67,0,Occasional Customers
15994.0,414.27,1,173,414.27,54,1,414.27,0,Occasional Customers
15996.0,1032.58,6,380,172.09666666666666,87,6,1032.58,0,Occasional Customers
15998.0,3080.22,5,2032,616.044,36,5,3080.22,0,Occasional Customers
16000.0,12393.7,3,5110,4131.233333333334,2,3,12393.7,0,Occasional Customers
16003.0,2735.37,5,1185,547.074,29,5,2735.37,0,Occasional Customers
16005.0,578.71,4,280,144.6775,11,4,578.71,0,Occasional Customers
16006.0,101.4,1,84,101.4,210,1,101.4,1,Low Value Customers
16007.0,1693.81,4,1388,423.4525,47,4,1693.81,0,Occasional Customers
16008.0,478.78,3,323,159.59333333333333,23,3,478.78,0,Occasional Customers
16009.0,972.11,4,366,243.0275,21,4,972.11,0,Occasional Customers
16010.0,392.4,3,202,130.79999999999998,245,3,392.4,1,Low Value Customers
16011.0,3352.96,16,2035,209.56,7,16,3352.96,3,Regular Customers
16012.0,1415.29,3,799,471.7633333333333,34,3,1415.29,0,Occasional Customers
16013.0,37130.6,47,15536,790.0127659574467,3,47,37130.6,3,Regular Customers
16014.0,646.83,3,258,215.61,37,3,646.83,0,Occasional Customers
16015.0,704.55,3,907,234.85,3,3,704.55,0,Occasional Customers
16016.0,1465.51,8,602,183.18875,2,8,1465.51,0,Occasional Customers
16017.0,211.88,1,102,211.88,46,1,211.88,0,Occasional Customers
16018.0,408.90000000000003,2,190,204.45000000000002,38,2,408.90000000000003,0,Occasional Customers
16019.0,3786.2400000000002,9,1733,420.6933333333334,46,9,3786.2400000000002,0,Occasional Customers
16020.0,851.01,3,487,283.67,16,3,851.01,0,Occasional Customers
16022.0,602.63,1,255,602.63,259,1,602.63,1,Low Value Customers
16023.0,719.81,3,358,239.93666666666664,45,3,719.81,0,Occasional Customers
16024.0,251.03,1,397,251.03,11,1,251.03,0,Occasional Customers
16025.0,439.65999999999997,1,338,439.65999999999997,29,1,439.65999999999997,0,Occasional Customers
16026.0,236.09,1,243,236.09,42,1,236.09,0,Occasional Customers
16027.0,934.62,6,1147,155.77,91,6,934.62,0,Occasional Customers
16029.0,80850.84,63,40108,1283.3466666666666,38,63,80850.84,2,VIP Customers
16030.0,331.24,1,283,331.24,309,1,331.24,1,Low Value Customers
16031.0,547.9,2,421,273.95,91,2,547.9,0,Occasional Customers
16033.0,8778.82,20,3529,438.941,5,20,8778.82,3,Regular Customers
16034.0,437.7,3,242,145.9,195,3,437.7,1,Low Value Customers
16036.0,758.92,2,716,379.46,86,2,758.92,0,Occasional Customers
16037.0,855.02,3,428,285.00666666666666,269,3,855.02,1,Low Value Customers
16038.0,471.78000000000003,3,244,157.26000000000002,7,3,471.78000000000003,0,Occasional Customers
16040.0,1313.55,3,684,437.84999999999997,64,3,1313.55,0,Occasional Customers
16041.0,3166.4,3,1584,1055.4666666666667,30,3,3166.4,0,Occasional Customers
16042.0,1177.47,5,743,235.494,21,5,1177.47,0,Occasional Customers
16043.0,773.99,4,503,193.4975,37,4,773.99,0,Occasional Customers
16045.0,1340.7,4,897,335.175,119,4,1340.7,0,Occasional Customers
16048.0,256.44,2,144,128.22,372,2,256.44,1,Low Value Customers
16049.0,1074.81,3,763,358.27,39,3,1074.81,0,Occasional Customers
16050.0,137.9,1,278,137.9,173,1,137.9,1,Low Value Customers
16052.0,362.06,1,282,362.06,53,1,362.06,0,Occasional Customers
16053.0,1511.95,2,1793,755.975,32,2,1511.95,0,Occasional Customers
16054.0,783.9,1,380,783.9,144,1,783.9,1,Low Value Customers
16055.0,134.8,1,22,134.8,220,1,134.8,1,Low Value Customers
16056.0,650.75,1,345,650.75,44,1,650.75,0,Occasional Customers
16057.0,2263.12,7,863,323.30285714285714,15,7,2263.12,0,Occasional Customers
16059.0,1453.16,6,641,242.19333333333336,65,6,1453.16,0,Occasional Customers
16062.0,1153.62,4,800,288.405,9,4,1153.62,0,Occasional Customers
16063.0,335.32,1,262,335.32,259,1,335.32,1,Low Value Customers
16065.0,367.14,1,228,367.14,364,1,367.14,1,Low Value Customers
16066.0,1521.04,5,935,304.20799999999997,16,5,1521.04,0,Occasional Customers
16070.0,852.15,2,457,426.075,21,2,852.15,0,Occasional Customers
16071.0,326.24,1,180,326.24,44,1,326.24,0,Occasional Customers
16072.0,584.3199999999999,1,140,584.3199999999999,287,1,584.3199999999999,1,Low Value Customers
16073.0,122.39999999999999,1,48,122.39999999999999,296,1,122.39999999999999,1,Low Value Customers
16076.0,2234.73,10,1435,223.473,2,10,2234.73,0,Occasional Customers
16078.0,79.2,1,16,79.2,283,1,79.2,1,Low Value Customers
16079.0,1352.0,3,864,450.6666666666667,16,3,1352.0,0,Occasional Customers
16080.0,217.16,2,128,108.58,81,2,217.16,0,Occasional Customers
16081.0,2799.42,5,1473,559.884,55,5,2799.42,0,Occasional Customers
16083.0,1317.62,2,908,658.81,100,2,1317.62,0,Occasional Customers
16084.0,436.18,1,216,436.18,298,1,436.18,1,Low Value Customers
16085.0,981.51,5,636,196.302,22,5,981.51,0,Occasional Customers
16086.0,1121.39,5,511,224.27800000000002,58,5,1121.39,0,Occasional Customers
16091.0,315.06,2,154,157.53,154,2,315.06,1,Low Value Customers
16092.0,817.86,3,628,272.62,114,3,817.86,0,Occasional Customers
16093.0,17.0,1,20,17.0,106,1,17.0,0,Occasional Customers
16094.0,1078.23,4,647,269.5575,11,4,1078.23,0,Occasional Customers
16096.0,320.62,1,155,320.62,263,1,320.62,1,Low Value Customers
16097.0,185.04999999999998,1,87,185.04999999999998,239,1,185.04999999999998,1,Low Value Customers
16098.0,2005.63,7,613,286.5185714285714,87,7,2005.63,0,Occasional Customers
16099.0,731.9,3,434,243.96666666666667,49,3,731.9,0,Occasional Customers
16101.0,1290.7,1,757,1290.7,70,1,1290.7,0,Occasional Customers
16102.0,1842.14,3,942,614.0466666666667,41,3,1842.14,0,Occasional Customers
16103.0,1429.64,6,558,238.27333333333334,6,6,1429.64,0,Occasional Customers
16104.0,298.21,1,122,298.21,61,1,298.21,0,Occasional Customers
16105.0,336.96,1,330,336.96,248,1,336.96,1,Low Value Customers
16106.0,108.38,1,74,108.38,65,1,108.38,0,Occasional Customers
16107.0,3204.1600000000003,7,1176,457.7371428571429,17,7,3204.1600000000003,0,Occasional Customers
16108.0,842.5,1,615,842.5,84,1,842.5,0,Occasional Customers
16109.0,611.88,2,612,305.94,218,2,611.88,1,Low Value Customers
16110.0,1320.95,3,720,440.31666666666666,44,3,1320.95,0,Occasional Customers
16112.0,195.73999999999998,4,574,48.934999999999995,142,4,195.73999999999998,0,Occasional Customers
16113.0,161.38,1,176,161.38,182,1,161.38,1,Low Value Customers
16114.0,135.75000000000003,1,43,135.75000000000003,170,1,135.75000000000003,1,Low Value Customers
16115.0,1660.8799999999999,8,994,207.60999999999999,9,8,1660.8799999999999,0,Occasional Customers
16116.0,612.78,1,248,612.78,211,1,612.78,1,Low Value Customers
16117.0,232.21,1,130,232.21,189,1,232.21,1,Low Value Customers
16119.0,423.36,2,240,211.68,7,2,423.36,0,Occasional Customers
16120.0,1309.14,4,878,327.285,58,4,1309.14,0,Occasional Customers
16121.0,854.66,2,576,427.33,56,2,854.66,0,Occasional Customers
16122.0,684.4200000000001,4,1128,171.10500000000002,72,4,684.4200000000001,0,Occasional Customers
16123.0,307.78,1,170,307.78,51,1,307.78,0,Occasional Customers
16124.0,249.0,1,48,249.0,316,1,249.0,1,Low Value Customers
16125.0,289.35,1,124,289.35,366,1,289.35,1,Low Value Customers
16126.0,6287.77,4,2125,1571.9425,28,4,6287.77,0,Occasional Customers
16127.0,656.25,1,323,656.25,38,1,656.25,0,Occasional Customers
16128.0,1880.22,5,988,376.044,17,5,1880.22,0,Occasional Customers
16131.0,3506.54,6,1802,584.4233333333333,51,6,3506.54,0,Occasional Customers
16133.0,14589.04,33,8887,442.09212121212124,3,33,14589.04,3,Regular Customers
16134.0,618.09,2,371,309.045,21,2,618.09,0,Occasional Customers
16135.0,517.55,1,209,517.55,262,1,517.55,1,Low Value Customers
16136.0,709.38,3,440,236.46,59,3,709.38,0,Occasional Customers
16139.0,635.41,3,330,211.8033333333333,18,3,635.41,0,Occasional Customers
16140.0,725.18,2,730,362.59,65,2,725.18,0,Occasional Customers
16141.0,620.4,1,238,620.4,87,1,620.4,0,Occasional Customers
16142.0,535.34,1,422,535.34,249,1,535.34,1,Low Value Customers
16143.0,2424.94,6,919,404.1566666666667,2,6,2424.94,0,Occasional Customers
16144.0,175.2,1,16,175.2,246,1,175.2,1,Low Value Customers
16145.0,3799.4900000000002,11,3123,345.40818181818184,8,11,3799.4900000000002,0,Occasional Customers
16146.0,734.13,3,427,244.71,156,3,734.13,1,Low Value Customers
16147.0,375.0,1,246,375.0,133,1,375.0,0,Occasional Customers
16148.0,76.32000000000001,1,72,76.32000000000001,295,1,76.32000000000001,1,Low Value Customers
16149.0,280.52,2,308,140.26,4,2,280.52,0,Occasional Customers
16150.0,2053.02,5,1047,410.604,42,5,2053.02,0,Occasional Customers
16152.0,1829.04,1,642,1829.04,268,1,1829.04,1,Low Value Customers
16153.0,1824.23,5,1073,364.846,49,5,1824.23,0,Occasional Customers
16156.0,3092.04,9,1273,343.56,8,9,3092.04,0,Occasional Customers
16157.0,656.69,3,347,218.89666666666668,15,3,656.69,0,Occasional Customers
16159.0,348.2,1,236,348.2,281,1,348.2,1,Low Value Customers
16160.0,1025.44,2,1162,512.72,64,2,1025.44,0,Occasional Customers
16161.0,5533.67,19,2583,291.2457894736842,1,19,5533.67,3,Regular Customers
16162.0,37.4,1,4,37.4,251,1,37.4,1,Low Value Customers
16163.0,856.6,2,192,428.3,231,2,856.6,1,Low Value Customers
16164.0,822.48,3,433,274.16,16,3,822.48,0,Occasional Customers
16168.0,3787.6,27,1892,140.28148148148148,10,27,3787.6,3,Regular Customers
16169.0,1822.97,4,1325,455.7425,7,4,1822.97,0,Occasional Customers
16170.0,1885.05,6,1770,314.175,50,6,1885.05,0,Occasional Customers
16171.0,73.2,1,24,73.2,58,1,73.2,0,Occasional Customers
16172.0,1140.21,5,787,228.042,94,5,1140.21,0,Occasional Customers
16173.0,1418.32,6,575,236.38666666666666,15,6,1418.32,0,Occasional Customers
16174.0,1009.5500000000001,3,651,336.5166666666667,125,3,1009.5500000000001,0,Occasional Customers
16175.0,1037.59,4,533,259.3975,93,4,1037.59,0,Occasional Customers
16177.0,331.95,1,95,331.95,49,1,331.95,0,Occasional Customers
16178.0,197.9,1,94,197.9,137,1,197.9,0,Occasional Customers
16179.0,215.83,1,99,215.83,60,1,215.83,0,Occasional Customers
16180.0,10254.18,8,5867,1281.7725,99,8,10254.18,0,Occasional Customers
16181.0,305.54,1,152,305.54,72,1,305.54,0,Occasional Customers
16182.0,6617.65,4,3791,1654.4125,71,4,6617.65,0,Occasional Customers
16183.0,338.71000000000004,1,113,338.71000000000004,66,1,338.71000000000004,0,Occasional Customers
16184.0,1158.79,6,561,193.13166666666666,63,6,1158.79,0,Occasional Customers
16185.0,529.41,2,260,264.705,16,2,529.41,0,Occasional Customers
16186.0,4006.94,12,3020,333.9116666666667,22,12,4006.94,0,Occasional Customers
16187.0,6911.4400000000005,15,5048,460.7626666666667,31,15,6911.4400000000005,3,Regular Customers
16188.0,981.86,4,782,245.465,44,4,981.86,0,Occasional Customers
16189.0,215.48,2,134,107.74,15,2,215.48,0,Occasional Customers
16190.0,215.08,1,88,215.08,39,1,215.08,0,Occasional Customers
16191.0,5180.52,13,3351,398.5015384615385,2,13,5180.52,0,Occasional Customers
16193.0,314.45,1,219,314.45,236,1,314.45,1,Low Value Customers
16198.0,400.68100000000004,1,129,400.68100000000004,74,1,400.68100000000004,0,Occasional Customers
16200.0,1068.8700000000001,2,516,534.4350000000001,3,2,1068.8700000000001,0,Occasional Customers
16201.0,1863.47,4,1286,465.8675,2,4,1863.47,0,Occasional Customers
16202.0,365.27,1,191,365.27,360,1,365.27,1,Low Value Customers
16203.0,592.9,4,262,148.225,58,4,592.9,0,Occasional Customers
16204.0,384.18,1,218,384.18,22,1,384.18,0,Occasional Customers
16205.0,757.63,4,516,189.4075,30,4,757.63,0,Occasional Customers
16206.0,537.0600000000001,4,272,134.26500000000001,54,4,537.0600000000001,0,Occasional Customers
16207.0,394.38,1,140,394.38,24,1,394.38,0,Occasional Customers
16208.0,664.26,2,333,332.13,44,2,664.26,0,Occasional Customers
16209.0,2262.62,5,1179,452.524,88,5,2262.62,0,Occasional Customers
16210.0,21086.3,18,7559,1171.461111111111,1,18,21086.3,3,Regular Customers
16211.0,547.02,1,154,547.02,88,1,547.02,0,Occasional Customers
16212.0,690.34,2,244,345.17,18,2,690.34,0,Occasional Customers
16213.0,159.0,1,48,159.0,78,1,159.0,0,Occasional Customers
16214.0,1062.75,3,420,354.25,170,3,1062.75,1,Low Value Customers
16215.0,242.35,1,104,242.35,80,1,242.35,0,Occasional Customers
16216.0,914.9300000000001,1,254,914.9300000000001,266,1,914.9300000000001,1,Low Value Customers
16217.0,304.25,2,91,152.125,234,2,304.25,1,Low Value Customers
16218.0,3084.68,7,2088,440.6685714285714,29,7,3084.68,0,Occasional Customers
16221.0,860.86,3,714,286.9533333333333,36,3,860.86,0,Occasional Customers
16222.0,773.5500000000001,1,325,773.5500000000001,317,1,773.5500000000001,1,Low Value Customers
16224.0,1295.3,4,1116,323.825,56,4,1295.3,0,Occasional Customers
16225.0,1096.32,5,493,219.26399999999998,44,5,1096.32,0,Occasional Customers
16226.0,255.12,3,192,85.04,202,3,255.12,1,Low Value Customers
16227.0,314.22,1,90,314.22,224,1,314.22,1,Low Value Customers
16229.0,1010.6,2,318,505.3,86,2,1010.6,0,Occasional Customers
16230.0,542.03,2,365,271.015,189,2,542.03,1,Low Value Customers
16232.0,990.88,4,550,247.72,43,4,990.88,0,Occasional Customers
16233.0,536.6800000000001,3,174,178.89333333333335,70,3,536.6800000000001,0,Occasional Customers
16235.0,867.31,5,330,173.462,40,5,867.31,0,Occasional Customers
16236.0,432.2,1,184,432.2,77,1,432.2,0,Occasional Customers
16239.0,414.2,2,228,207.1,56,2,414.2,0,Occasional Customers
16240.0,3718.8,2,1641,1859.4,23,2,3718.8,0,Occasional Customers
16241.0,2590.31,13,1443,199.2546153846154,9,13,2590.31,0,Occasional Customers
16242.0,3579.86,7,1969,511.40857142857146,7,7,3579.86,0,Occasional Customers
16243.0,409.1,2,110,204.55,33,2,409.1,0,Occasional Customers
16244.0,1522.75,2,855,761.375,211,2,1522.75,1,Low Value Customers
16245.0,1413.66,3,1014,471.22,23,3,1413.66,0,Occasional Customers
16247.0,114.56,1,182,114.56,169,1,114.56,1,Low Value Customers
16248.0,152.94,1,78,152.94,61,1,152.94,0,Occasional Customers
16249.0,1800.07,5,950,360.014,52,5,1800.07,0,Occasional Customers
16250.0,389.44,2,208,194.72,260,2,389.44,1,Low Value Customers
16253.0,3683.86,2,3233,1841.93,66,2,3683.86,0,Occasional Customers
16255.0,2619.91,8,1767,327.48875,16,8,2619.91,0,Occasional Customers
16256.0,752.4300000000001,1,581,752.4300000000001,266,1,752.4300000000001,1,Low Value Customers
16257.0,46.95,1,2,46.95,176,1,46.95,1,Low Value Customers
16258.0,5203.51,5,2994,1040.702,44,5,5203.51,0,Occasional Customers
16260.0,1035.45,1,311,1035.45,50,1,1035.45,0,Occasional Customers
16261.0,728.54,4,301,182.135,16,4,728.54,0,Occasional Customers
16265.0,5447.0,9,2646,605.2222222222222,8,9,5447.0,0,Occasional Customers
16266.0,861.89,7,398,123.12714285714286,73,7,861.89,0,Occasional Customers
16268.0,667.65,2,533,333.825,70,2,667.65,0,Occasional Customers
16270.0,1141.24,1,688,1141.24,352,1,1141.24,1,Low Value Customers
16271.0,1404.64,5,1024,280.928,2,5,1404.64,0,Occasional Customers
16272.0,411.7,1,224,411.7,116,1,411.7,0,Occasional Customers
16274.0,351.75,1,153,351.75,372,1,351.75,1,Low Value Customers
16275.0,559.87,1,336,559.87,196,1,559.87,1,Low Value Customers
16276.0,810.6000000000001,1,420,810.6000000000001,176,1,810.6000000000001,1,Low Value Customers
16278.0,566.38,1,114,566.38,99,1,566.38,0,Occasional Customers
16279.0,1502.78,3,1046,500.9266666666667,20,3,1502.78,0,Occasional Customers
16281.0,2062.06,1,934,2062.06,71,1,2062.06,0,Occasional Customers
16282.0,168.3,1,114,168.3,339,1,168.3,1,Low Value Customers
16283.0,1570.81,5,1236,314.162,5,5,1570.81,0,Occasional Customers
16284.0,812.68,2,535,406.34,30,2,812.68,0,Occasional Customers
16287.0,142.5,1,298,142.5,169,1,142.5,1,Low Value Customers
16292.0,302.25,1,191,302.25,121,1,302.25,0,Occasional Customers
16293.0,2248.9900000000002,10,982,224.89900000000003,21,10,2248.9900000000002,0,Occasional Customers
16295.0,1328.55,4,841,332.1375,9,4,1328.55,0,Occasional Customers
16297.0,301.9,1,206,301.9,268,1,301.9,1,Low Value Customers
16298.0,598.2,3,198,199.4,22,3,598.2,0,Occasional Customers
16302.0,233.22,1,158,233.22,126,1,233.22,0,Occasional Customers
16303.0,5360.63,3,2659,1786.8766666666668,25,3,5360.63,0,Occasional Customers
16305.0,361.21999999999997,1,256,361.21999999999997,138,1,361.21999999999997,0,Occasional Customers
16306.0,632.27,6,487,105.37833333333333,213,6,632.27,1,Low Value Customers
16308.0,2560.0,4,8000,640.0,37,4,2560.0,0,Occasional Customers
16309.0,706.57,2,467,353.285,105,2,706.57,0,Occasional Customers
16311.0,616.26,2,394,308.13,17,2,616.26,0,Occasional Customers
16313.0,274.15000000000003,2,165,137.07500000000002,2,2,274.15000000000003,0,Occasional Customers
16315.0,226.37,1,75,226.37,330,1,226.37,1,Low Value Customers
16316.0,2938.91,8,1484,367.36375,63,8,2938.91,0,Occasional Customers
16317.0,1341.65,3,890,447.2166666666667,119,3,1341.65,0,Occasional Customers
16318.0,328.15,1,199,328.15,34,1,328.15,0,Occasional Customers
16319.0,404.40000000000003,1,72,404.40000000000003,217,1,404.40000000000003,1,Low Value Customers
16320.0,1038.46,2,732,519.23,171,2,1038.46,1,Low Value Customers
16321.0,373.65000000000003,5,135,74.73,71,5,373.65000000000003,0,Occasional Customers
16322.0,326.75,2,231,163.375,0,2,326.75,0,Occasional Customers
16323.0,207.50000000000003,1,50,207.50000000000003,195,1,207.50000000000003,1,Low Value Customers
16324.0,408.59000000000003,3,270,136.1966666666667,127,3,408.59000000000003,0,Occasional Customers
16325.0,594.24,3,194,198.08,46,3,594.24,0,Occasional Customers
16326.0,3039.2200000000003,14,682,217.08714285714288,5,14,3039.2200000000003,0,Occasional Customers
16327.0,3820.27,6,2560,636.7116666666667,13,6,3820.27,0,Occasional Customers
16330.0,251.91,3,147,83.97,17,3,251.91,0,Occasional Customers
16332.0,1582.8,7,797,226.1142857142857,27,7,1582.8,0,Occasional Customers
16333.0,26626.8,22,32184,1210.3090909090909,7,22,26626.8,3,Regular Customers
16337.0,151.05,1,87,151.05,36,1,151.05,0,Occasional Customers
16338.0,214.79999999999998,1,94,214.79999999999998,156,1,214.79999999999998,1,Low Value Customers
16339.0,94.05,1,21,94.05,283,1,94.05,1,Low Value Customers
16340.0,534.31,1,486,534.31,106,1,534.31,0,Occasional Customers
16341.0,1971.87,4,1398,492.9675,24,4,1971.87,0,Occasional Customers
16342.0,322.41,4,157,80.6025,74,4,322.41,0,Occasional Customers
16343.0,328.58,2,175,164.29,15,2,328.58,0,Occasional Customers
16344.0,101.10000000000001,1,18,101.10000000000001,157,1,101.10000000000001,1,Low Value Customers
16345.0,565.46,1,288,565.46,43,1,565.46,0,Occasional Customers
16347.0,847.45,2,341,423.725,10,2,847.45,0,Occasional Customers
16348.0,1415.65,7,805,202.2357142857143,31,7,1415.65,0,Occasional Customers
16349.0,53.5,1,9,53.5,290,1,53.5,1,Low Value Customers
16350.0,1116.47,4,545,279.1175,20,4,1116.47,0,Occasional Customers
16351.0,153.9,1,90,153.9,332,1,153.9,1,Low Value Customers
16352.0,494.44,2,300,247.22,17,2,494.44,0,Occasional Customers
16353.0,6675.71,23,2006,290.24826086956523,3,23,6675.71,3,Regular Customers
16354.0,395.8,2,150,197.9,62,2,395.8,0,Occasional Customers
16356.0,211.77,3,93,70.59,197,3,211.77,1,Low Value Customers
16357.0,658.88,3,246,219.62666666666667,32,3,658.88,0,Occasional Customers
16358.0,2027.5,4,1302,506.875,0,4,2027.5,0,Occasional Customers
16359.0,1750.92,9,1183,194.54666666666668,6,9,1750.92,0,Occasional Customers
16360.0,3450.41,6,2110,575.0683333333333,4,6,3450.41,0,Occasional Customers
16361.0,891.21,4,418,222.8025,9,4,891.21,0,Occasional Customers
16362.0,709.99,5,340,141.998,31,5,709.99,0,Occasional Customers
16363.0,109.36000000000001,1,52,109.36000000000001,52,1,109.36000000000001,0,Occasional Customers
16364.0,705.79,2,279,352.895,11,2,705.79,0,Occasional Customers
16365.0,1540.42,9,504,171.1577777777778,17,9,1540.42,0,Occasional Customers
16366.0,327.3,1,256,327.3,18,1,327.3,0,Occasional Customers
16367.0,800.67,2,643,400.335,36,2,800.67,0,Occasional Customers
16368.0,479.91,2,251,239.955,1,2,479.91,0,Occasional Customers
16369.0,1545.41,3,1030,515.1366666666667,17,3,1545.41,0,Occasional Customers
16370.0,1301.91,4,640,325.4775,81,4,1301.91,0,Occasional Customers
16372.0,355.73,2,158,177.865,32,2,355.73,0,Occasional Customers
16374.0,466.73,2,237,233.365,65,2,466.73,0,Occasional Customers
16376.0,974.96,2,691,487.48,8,2,974.96,0,Occasional Customers
16377.0,676.2,1,1500,676.2,266,1,676.2,1,Low Value Customers
16378.0,362.95,3,267,120.98333333333333,246,3,362.95,1,Low Value Customers
16379.0,2157.4,4,1410,539.35,3,4,2157.4,0,Occasional Customers
16380.0,1743.1499999999999,1,1428,1743.1499999999999,60,1,1743.1499999999999,0,Occasional Customers
16383.0,643.76,2,467,321.88,74,2,643.76,0,Occasional Customers
16384.0,584.5,2,260,292.25,89,2,584.5,0,Occasional Customers
16385.0,554.86,3,258,184.95333333333335,59,3,554.86,0,Occasional Customers
16386.0,302.57,2,205,151.285,28,2,302.57,0,Occasional Customers
16387.0,94.36,1,44,94.36,322,1,94.36,1,Low Value Customers
16389.0,1382.07,4,1242,345.5175,52,4,1382.07,0,Occasional Customers
16392.0,217.89,1,201,217.89,269,1,217.89,1,Low Value Customers
16393.0,3040.96,13,1573,233.92000000000002,1,13,3040.96,0,Occasional Customers
16394.0,1555.34,5,2604,311.068,56,5,1555.34,0,Occasional Customers
16395.0,1482.06,5,1472,296.412,60,5,1482.06,0,Occasional Customers
16398.0,1705.8,2,758,852.9,153,2,1705.8,1,Low Value Customers
16399.0,408.02,2,263,204.01,18,2,408.02,0,Occasional Customers
16400.0,303.93,1,172,303.93,94,1,303.93,0,Occasional Customers
16401.0,4098.32,12,3882,341.52666666666664,0,12,4098.32,0,Occasional Customers
16402.0,293.45,2,146,146.725,264,2,293.45,1,Low Value Customers
16403.0,177.5,1,114,177.5,311,1,177.5,1,Low Value Customers
16404.0,443.05,1,157,443.05,69,1,443.05,0,Occasional Customers
16405.0,167.25,2,187,83.625,301,2,167.25,1,Low Value Customers
16406.0,154.35,1,116,154.35,18,1,154.35,0,Occasional Customers
16407.0,2079.68,10,1093,207.968,12,10,2079.68,0,Occasional Customers
16409.0,2022.98,5,1304,404.596,35,5,2022.98,0,Occasional Customers
16411.0,211.7,2,131,105.85,18,2,211.7,0,Occasional Customers
16412.0,135.99,1,63,135.99,53,1,135.99,0,Occasional Customers
16413.0,262.2,1,148,262.2,56,1,262.2,0,Occasional Customers
16414.0,126.25,2,27,63.125,21,2,126.25,0,Occasional Customers
16415.0,200.27,1,178,200.27,43,1,200.27,0,Occasional Customers
16416.0,1051.4,3,672,350.4666666666667,26,3,1051.4,0,Occasional Customers
16418.0,631.12,3,280,210.37333333333333,44,3,631.12,0,Occasional Customers
16419.0,958.71,6,428,159.785,112,6,958.71,0,Occasional Customers
16422.0,34684.4,51,33704,680.086274509804,16,51,34684.4,3,Regular Customers
16423.0,346.12,1,230,346.12,24,1,346.12,0,Occasional Customers
16424.0,133.56,1,88,133.56,190,1,133.56,1,Low Value Customers
16425.0,302.7,1,199,302.7,301,1,302.7,1,Low Value Customers
16426.0,1863.76,10,1215,186.376,1,10,1863.76,0,Occasional Customers
16427.0,241.06,2,156,120.53,262,2,241.06,1,Low Value Customers
16429.0,284.55,1,9,284.55,105,1,284.55,0,Occasional Customers
16430.0,300.85,1,103,300.85,56,1,300.85,0,Occasional Customers
16431.0,623.28,3,442,207.76,212,3,623.28,1,Low Value Customers
16432.0,287.4,1,276,287.4,63,1,287.4,0,Occasional Customers
16433.0,184.26,1,106,184.26,27,1,184.26,0,Occasional Customers
16434.0,1511.8,7,760,215.97142857142856,28,7,1511.8,0,Occasional Customers
16438.0,798.35,5,463,159.67000000000002,5,5,798.35,0,Occasional Customers
16440.0,3640.67,5,2018,728.134,7,5,3640.67,0,Occasional Customers
16441.0,381.2,2,173,190.6,66,2,381.2,0,Occasional Customers
16442.0,609.3,3,443,203.1,1,3,609.3,0,Occasional Customers
16444.0,654.67,4,407,163.6675,45,4,654.67,0,Occasional Customers
16445.0,230.51,1,111,230.51,33,1,230.51,0,Occasional Customers
16446.0,168472.5,2,80997,84236.25,0,2,168472.5,2,VIP Customers
16447.0,255.91,1,221,255.91,135,1,255.91,0,Occasional Customers
16448.0,182.99,1,76,182.99,197,1,182.99,1,Low Value Customers
16449.0,707.69,2,367,353.845,197,2,707.69,1,Low Value Customers
16450.0,311.92,1,200,311.92,149,1,311.92,1,Low Value Customers
16451.0,266.97,1,120,266.97,87,1,266.97,0,Occasional Customers
16454.0,6.9,2,3,3.45,44,2,6.9,0,Occasional Customers
16455.0,1841.18,7,988,263.0257142857143,63,7,1841.18,0,Occasional Customers
16456.0,2158.18,5,1147,431.63599999999997,98,5,2158.18,0,Occasional Customers
16457.0,208.36,1,140,208.36,217,1,208.36,1,Low Value Customers
16458.0,3482.7400000000002,18,2154,193.48555555555558,2,18,3482.7400000000002,3,Regular Customers
16460.0,811.23,3,876,270.41,27,3,811.23,0,Occasional Customers
16461.0,142.92,1,48,142.92,177,1,142.92,1,Low Value Customers
16462.0,136.0,3,16,45.333333333333336,73,3,136.0,0,Occasional Customers
16463.0,1422.4,4,1163,355.6,20,4,1422.4,0,Occasional Customers
16464.0,1298.66,3,952,432.8866666666667,19,3,1298.66,0,Occasional Customers
16466.0,1595.96,7,785,227.99428571428572,33,7,1595.96,0,Occasional Customers
16468.0,74.9,1,31,74.9,73,1,74.9,0,Occasional Customers
16469.0,625.42,4,260,156.355,23,4,625.42,0,Occasional Customers
16470.0,752.77,4,522,188.1925,51,4,752.77,0,Occasional Customers
16471.0,223.95000000000002,1,141,223.95000000000002,274,1,223.95000000000002,1,Low Value Customers
16473.0,316.11,3,196,105.37,164,3,316.11,1,Low Value Customers
16474.0,1810.65,7,909,258.6642857142857,6,7,1810.65,0,Occasional Customers
16475.0,544.3,4,319,136.075,87,4,544.3,0,Occasional Customers
16477.0,2494.46,7,1415,356.3514285714286,63,7,2494.46,0,Occasional Customers
16478.0,331.0,3,224,110.33333333333333,24,3,331.0,0,Occasional Customers
16479.0,300.83,2,102,150.415,9,2,300.83,0,Occasional Customers
16480.0,769.29,1,455,769.29,75,1,769.29,0,Occasional Customers
16482.0,220.62,1,346,220.62,15,1,220.62,0,Occasional Customers
16483.0,139.35,1,44,139.35,191,1,139.35,1,Low Value Customers
16484.0,404.3,2,200,202.15,173,2,404.3,1,Low Value Customers
16485.0,363.65,1,235,363.65,76,1,363.65,0,Occasional Customers
16488.0,498.8,3,728,166.26666666666668,32,3,498.8,0,Occasional Customers
16491.0,731.5,1,478,731.5,46,1,731.5,0,Occasional Customers
16493.0,1351.63,4,1164,337.9075,79,4,1351.63,0,Occasional Customers
16494.0,826.53,1,675,826.53,296,1,826.53,1,Low Value Customers
16495.0,648.26,3,328,216.08666666666667,2,3,648.26,0,Occasional Customers
16496.0,1599.52,3,1111,533.1733333333333,8,3,1599.52,0,Occasional Customers
16497.0,2965.69,6,1396,494.2816666666667,49,6,2965.69,0,Occasional Customers
16498.0,100.97,2,45,50.485,160,2,100.97,1,Low Value Customers
16499.0,365.45,2,127,182.725,359,2,365.45,1,Low Value Customers
16500.0,400.86,6,123,66.81,4,6,400.86,0,Occasional Customers
16503.0,1431.93,4,569,357.9825,106,4,1431.93,0,Occasional Customers
16504.0,465.88,1,510,465.88,24,1,465.88,0,Occasional Customers
16505.0,777.6,1,576,777.6,31,1,777.6,0,Occasional Customers
16506.0,90.30000000000001,2,42,45.150000000000006,19,2,90.30000000000001,0,Occasional Customers
16509.0,363.7,1,64,363.7,296,1,363.7,1,Low Value Customers
16510.0,248.1,1,92,248.1,371,1,248.1,1,Low Value Customers
16511.0,918.33,3,405,306.11,21,3,918.33,0,Occasional Customers
16513.0,874.59,4,407,218.6475,4,4,874.59,0,Occasional Customers
16515.0,1624.14,5,826,324.82800000000003,51,5,1624.14,0,Occasional Customers
16516.0,101.69999999999999,1,58,101.69999999999999,29,1,101.69999999999999,0,Occasional Customers
16517.0,162.7,1,96,162.7,276,1,162.7,1,Low Value Customers
16518.0,484.32,2,327,242.16,60,2,484.32,0,Occasional Customers
16519.0,215.07999999999998,2,54,107.53999999999999,24,2,215.07999999999998,0,Occasional Customers
16520.0,1046.57,3,558,348.8566666666666,185,3,1046.57,1,Low Value Customers
16523.0,9418.470000000001,21,4265,448.4985714285715,1,21,9418.470000000001,3,Regular Customers
16525.0,13027.45,26,7397,501.0557692307693,1,26,13027.45,3,Regular Customers
16526.0,290.36,1,106,290.36,171,1,290.36,1,Low Value Customers
16527.0,228.06,1,106,228.06,80,1,228.06,0,Occasional Customers
16528.0,244.41,1,171,244.41,3,1,244.41,0,Occasional Customers
16529.0,455.25,1,198,455.25,189,1,455.25,1,Low Value Customers
16531.0,1244.59,7,915,177.79857142857142,21,7,1244.59,0,Occasional Customers
16532.0,6748.8,3,2016,2249.6,17,3,6748.8,0,Occasional Customers
16533.0,1082.81,3,611,360.93666666666667,18,3,1082.81,0,Occasional Customers
16535.0,593.75,1,356,593.75,4,1,593.75,0,Occasional Customers
16536.0,548.12,1,250,548.12,109,1,548.12,0,Occasional Customers
16539.0,1388.81,4,477,347.2025,2,4,1388.81,0,Occasional Customers
16542.0,119.62,1,46,119.62,53,1,119.62,0,Occasional Customers
16545.0,339.3,1,78,339.3,164,1,339.3,1,Low Value Customers
16546.0,787.15,2,549,393.575,290,2,787.15,1,Low Value Customers
16549.0,4034.9,10,2294,403.49,9,10,4034.9,0,Occasional Customers
16550.0,2298.97,5,1540,459.794,108,5,2298.97,0,Occasional Customers
16551.0,922.12,3,970,307.37333333333333,95,3,922.12,0,Occasional Customers
16552.0,379.73,2,219,189.865,242,2,379.73,1,Low Value Customers
16553.0,5719.82,12,4600,476.65166666666664,162,12,5719.82,0,Occasional Customers
16554.0,837.1,3,402,279.03333333333336,41,3,837.1,0,Occasional Customers
16555.0,285.89,2,175,142.945,34,2,285.89,0,Occasional Customers
16556.0,3313.79,7,1890,473.3985714285714,66,7,3313.79,0,Occasional Customers
16557.0,281.85,2,111,140.925,23,2,281.85,0,Occasional Customers
16558.0,8338.49,20,5377,416.92449999999997,0,20,8338.49,3,Regular Customers
16560.0,841.41,2,500,420.705,26,2,841.41,0,Occasional Customers
16561.0,511.12,2,244,255.56,5,2,511.12,0,Occasional Customers
16563.0,1077.74,1,486,1077.74,53,1,1077.74,0,Occasional Customers
16565.0,173.7,1,46,173.7,363,1,173.7,1,Low Value Customers
16566.0,614.66,5,362,122.93199999999999,14,5,614.66,0,Occasional Customers
16567.0,865.6,2,996,432.8,193,2,865.6,1,Low Value Customers
16569.0,124.2,1,93,124.2,2,1,124.2,0,Occasional Customers
16570.0,3738.4,10,2112,373.84000000000003,14,10,3738.4,0,Occasional Customers
16571.0,1421.69,3,1239,473.8966666666667,26,3,1421.69,0,Occasional Customers
16572.0,1009.6,3,532,336.53333333333336,126,3,1009.6,0,Occasional Customers
16573.0,663.61,2,360,331.805,84,2,663.61,0,Occasional Customers
16574.0,451.44,1,416,451.44,70,1,451.44,0,Occasional Customers
16581.0,105.84,1,134,105.84,182,1,105.84,1,Low Value Customers
16582.0,313.62,1,164,313.62,112,1,313.62,0,Occasional Customers
16583.0,233.45,1,111,233.45,373,1,233.45,1,Low Value Customers
16584.0,936.08,2,646,468.04,79,2,936.08,0,Occasional Customers
16586.0,463.95,1,95,463.95,248,1,463.95,1,Low Value Customers
16587.0,225.15,1,71,225.15,231,1,225.15,1,Low Value Customers
16589.0,459.24,3,368,153.08,70,3,459.24,0,Occasional Customers
16591.0,213.5,1,41,213.5,68,1,213.5,0,Occasional Customers
16592.0,4113.68,16,2927,257.105,3,16,4113.68,3,Regular Customers
16593.0,330.03,3,116,110.00999999999999,50,3,330.03,0,Occasional Customers
16594.0,181.09,1,64,181.09,74,1,181.09,0,Occasional Customers
16595.0,360.16,1,335,360.16,60,1,360.16,0,Occasional Customers
16596.0,250.15,2,97,125.075,15,2,250.15,0,Occasional Customers
16597.0,90.04,1,184,90.04,3,1,90.04,0,Occasional Customers
16598.0,145.04999999999998,1,73,145.04999999999998,285,1,145.04999999999998,1,Low Value Customers
16600.0,813.52,6,1145,135.58666666666667,3,6,813.52,0,Occasional Customers
16601.0,242.7,1,133,242.7,40,1,242.7,0,Occasional Customers
16602.0,528.08,1,336,528.08,35,1,528.08,0,Occasional Customers
16603.0,482.47,2,480,241.235,74,2,482.47,0,Occasional Customers
16607.0,3347.71,14,2859,239.12214285714285,17,14,3347.71,0,Occasional Customers
16609.0,5493.46,7,2420,784.78,14,7,5493.46,0,Occasional Customers
16610.0,75.66,1,66,75.66,218,1,75.66,1,Low Value Customers
16611.0,129.49,1,47,129.49,185,1,129.49,1,Low Value Customers
16612.0,1187.66,4,506,296.915,32,4,1187.66,0,Occasional Customers
16613.0,618.59,1,293,618.59,69,1,618.59,0,Occasional Customers
16614.0,506.19,1,223,506.19,182,1,506.19,1,Low Value Customers
16616.0,500.42,2,370,250.21,14,2,500.42,0,Occasional Customers
16617.0,151.85,1,91,151.85,235,1,151.85,1,Low Value Customers
16618.0,2647.59,5,1363,529.518,30,5,2647.59,0,Occasional Customers
16619.0,226.21,1,133,226.21,263,1,226.21,1,Low Value Customers
16620.0,178.96,2,88,89.48,3,2,178.96,0,Occasional Customers
16621.0,813.48,4,302,203.37,51,4,813.48,0,Occasional Customers
16623.0,129.45,1,39,129.45,245,1,129.45,1,Low Value Customers
16624.0,810.5699999999999,2,488,405.28499999999997,80,2,810.5699999999999,0,Occasional Customers
16625.0,333.08,1,164,333.08,274,1,333.08,1,Low Value Customers
16626.0,4413.1,17,2690,259.59411764705885,0,17,4413.1,3,Regular Customers
16627.0,322.8,1,162,322.8,78,1,322.8,0,Occasional Customers
16628.0,2188.05,5,1205,437.61,29,5,2188.05,0,Occasional Customers
16629.0,408.63,2,489,204.315,73,2,408.63,0,Occasional Customers
16633.0,2883.1,6,1138,480.51666666666665,16,6,2883.1,0,Occasional Customers
16634.0,217.9,2,82,108.95,222,2,217.9,1,Low Value Customers
16637.0,1154.47,4,927,288.6175,31,4,1154.47,0,Occasional Customers
16638.0,1680.72,10,1255,168.072,22,10,1680.72,0,Occasional Customers
16639.0,1257.51,3,510,419.17,30,3,1257.51,0,Occasional Customers
16641.0,231.10000000000002,1,256,231.10000000000002,105,1,231.10000000000002,0,Occasional Customers
16642.0,688.33,2,479,344.165,4,2,688.33,0,Occasional Customers
16643.0,487.51,1,269,487.51,245,1,487.51,1,Low Value Customers
16644.0,833.78,2,826,416.89,177,2,833.78,1,Low Value Customers
16647.0,214.06,2,146,107.03,169,2,214.06,1,Low Value Customers
16648.0,290.65999999999997,1,281,290.65999999999997,42,1,290.65999999999997,0,Occasional Customers
16650.0,518.42,1,372,518.42,71,1,518.42,0,Occasional Customers
16652.0,6773.97,7,3283,967.71,58,7,6773.97,0,Occasional Customers
16653.0,1212.66,2,733,606.33,15,2,1212.66,0,Occasional Customers
16654.0,601.27,4,282,150.3175,140,4,601.27,0,Occasional Customers
16655.0,3789.52,6,2363,631.5866666666667,17,6,3789.52,0,Occasional Customers
16656.0,8625.8,15,8894,575.0533333333333,21,15,8625.8,3,Regular Customers
16657.0,874.43,4,1130,218.6075,9,4,874.43,0,Occasional Customers
16658.0,123.24,1,40,123.24,367,1,123.24,1,Low Value Customers
16659.0,39.12,1,72,39.12,188,1,39.12,1,Low Value Customers
16660.0,1267.6499999999999,4,571,316.91249999999997,15,4,1267.6499999999999,0,Occasional Customers
16665.0,135.39999999999998,1,59,135.39999999999998,361,1,135.39999999999998,1,Low Value Customers
16666.0,118.98,1,233,118.98,18,1,118.98,0,Occasional Customers
16667.0,567.1800000000001,2,236,283.59000000000003,67,2,567.1800000000001,0,Occasional Customers
16668.0,306.71999999999997,6,318,51.12,14,6,306.71999999999997,0,Occasional Customers
16669.0,1348.88,3,881,449.6266666666667,23,3,1348.88,0,Occasional Customers
16670.0,4095.9,11,2556,372.3545454545455,16,11,4095.9,0,Occasional Customers
16671.0,1692.27,3,875,564.09,27,3,1692.27,0,Occasional Customers
16672.0,8134.9400000000005,20,2832,406.747,1,20,8134.9400000000005,3,Regular Customers
16674.0,304.24,2,181,152.12,54,2,304.24,0,Occasional Customers
16676.0,1592.1200000000001,4,636,398.03000000000003,33,4,1592.1200000000001,0,Occasional Customers
16678.0,3109.99,12,2397,259.1658333333333,2,12,3109.99,0,Occasional Customers
16679.0,129.75,1,29,129.75,365,1,129.75,1,Low Value Customers
16680.0,183.7,1,94,183.7,42,1,183.7,0,Occasional Customers
16681.0,1770.34,6,1407,295.0566666666667,72,6,1770.34,0,Occasional Customers
16682.0,1028.0,5,1040,205.6,4,5,1028.0,0,Occasional Customers
16684.0,66653.56,28,50255,2380.4842857142858,3,28,66653.56,3,Regular Customers
16685.0,324.24,2,396,162.12,60,2,324.24,0,Occasional Customers
16686.0,2959.88,7,1977,422.84000000000003,46,7,2959.88,0,Occasional Customers
16688.0,1260.86,4,804,315.215,0,4,1260.86,0,Occasional Customers
16689.0,422.59999999999997,2,330,211.29999999999998,75,2,422.59999999999997,0,Occasional Customers
16690.0,225.57999999999998,2,138,112.78999999999999,71,2,225.57999999999998,0,Occasional Customers
16692.0,1276.0,2,152,638.0,255,2,1276.0,1,Low Value Customers
16693.0,477.86,2,203,238.93,68,2,477.86,0,Occasional Customers
16696.0,657.9000000000001,4,146,164.47500000000002,134,4,657.9000000000001,0,Occasional Customers
16697.0,112.75,1,27,112.75,240,1,112.75,1,Low Value Customers
16698.0,1998.0,2,840,999.0,226,2,1998.0,1,Low Value Customers
16700.0,5076.55,13,4024,390.50384615384615,8,13,5076.55,0,Occasional Customers
16701.0,5398.3,13,6393,415.25384615384615,8,13,5398.3,0,Occasional Customers
16705.0,14034.99,20,5476,701.7495,0,20,14034.99,3,Regular Customers
16706.0,531.35,3,249,177.11666666666667,36,3,531.35,0,Occasional Customers
16708.0,656.63,1,285,656.63,45,1,656.63,0,Occasional Customers
16709.0,3029.87,5,851,605.9739999999999,84,5,3029.87,0,Occasional Customers
16710.0,2467.99,10,1823,246.79899999999998,18,10,2467.99,0,Occasional Customers
16711.0,1651.03,5,833,330.206,2,5,1651.03,0,Occasional Customers
16712.0,3611.31,11,1730,328.3009090909091,8,11,3611.31,0,Occasional Customers
16713.0,6910.78,15,4271,460.71866666666665,18,15,6910.78,3,Regular Customers
16714.0,1129.06,3,589,376.3533333333333,218,3,1129.06,1,Low Value Customers
16715.0,301.71999999999997,1,642,301.71999999999997,77,1,301.71999999999997,0,Occasional Customers
16716.0,901.2,2,120,450.6,266,2,901.2,1,Low Value Customers
16717.0,3843.08,6,1860,640.5133333333333,23,6,3843.08,0,Occasional Customers
16718.0,606.0500000000001,1,407,606.0500000000001,368,1,606.0500000000001,1,Low Value Customers
16719.0,1770.22,7,1175,252.88857142857142,14,7,1770.22,0,Occasional Customers
16720.0,152.95,1,180,152.95,25,1,152.95,0,Occasional Customers
16721.0,292.47,1,172,292.47,261,1,292.47,1,Low Value Customers
16722.0,4730.81,13,5001,363.90846153846155,16,13,4730.81,0,Occasional Customers
16723.0,576.4,2,398,288.2,90,2,576.4,0,Occasional Customers
16725.0,758.27,7,288,108.32428571428571,301,7,758.27,1,Low Value Customers
16726.0,1358.74,5,945,271.748,25,5,1358.74,0,Occasional Customers
16727.0,256.32,1,167,256.32,363,1,256.32,1,Low Value Customers
16728.0,1048.28,4,671,262.07,45,4,1048.28,0,Occasional Customers
16729.0,7205.33,21,5722,343.11095238095237,37,21,7205.33,3,Regular Customers
16730.0,743.11,3,994,247.70333333333335,51,3,743.11,0,Occasional Customers
16732.0,603.75,1,317,603.75,31,1,603.75,0,Occasional Customers
16734.0,646.76,3,345,215.58666666666667,51,3,646.76,0,Occasional Customers
16735.0,2247.41,5,1532,449.48199999999997,78,5,2247.41,0,Occasional Customers
16737.0,417.59999999999997,1,288,417.59999999999997,52,1,417.59999999999997,0,Occasional Customers
16738.0,3.75,1,3,3.75,297,1,3.75,1,Low Value Customers
16739.0,323.0,1,172,323.0,176,1,323.0,1,Low Value Customers
16742.0,464.9,1,1,464.9,46,1,464.9,0,Occasional Customers
16743.0,2213.13,7,2035,316.1614285714286,28,7,2213.13,0,Occasional Customers
16744.0,1291.91,7,798,184.55857142857144,10,7,1291.91,0,Occasional Customers
16745.0,7180.7,17,6719,422.3941176470588,86,17,7180.7,3,Regular Customers
16746.0,6680.11,18,4660,371.1172222222222,4,18,6680.11,3,Regular Customers
16747.0,836.06,2,583,418.03,37,2,836.06,0,Occasional Customers
16748.0,1515.9,5,880,303.18,17,5,1515.9,0,Occasional Customers
16750.0,623.93,5,214,124.78599999999999,44,5,623.93,0,Occasional Customers
16751.0,1764.72,1,1031,1764.72,30,1,1764.72,0,Occasional Customers
16752.0,207.5,1,54,207.5,372,1,207.5,1,Low Value Customers
16753.0,223.92000000000002,1,189,223.92000000000002,57,1,223.92000000000002,0,Occasional Customers
16754.0,2002.4,1,4280,2002.4,371,1,2002.4,1,Low Value Customers
16755.0,1475.43,3,1058,491.81,113,3,1475.43,0,Occasional Customers
16756.0,239.4,1,106,239.4,214,1,239.4,1,Low Value Customers
16757.0,106.83000000000001,1,81,106.83000000000001,318,1,106.83000000000001,1,Low Value Customers
16758.0,369.34000000000003,1,203,369.34000000000003,64,1,369.34000000000003,0,Occasional Customers
16759.0,789.79,3,609,263.2633333333333,7,3,789.79,0,Occasional Customers
16761.0,316.62,1,341,316.62,96,1,316.62,0,Occasional Customers
16762.0,1207.24,3,480,402.41333333333336,19,3,1207.24,0,Occasional Customers
16763.0,611.85,1,319,611.85,198,1,611.85,1,Low Value Customers
16764.0,2790.9500000000003,13,1253,214.68846153846155,3,13,2790.9500000000003,0,Occasional Customers
16765.0,34.0,1,4,34.0,293,1,34.0,1,Low Value Customers
16766.0,1145.6,2,536,572.8,272,2,1145.6,1,Low Value Customers
16767.0,5575.56,11,4423,506.86909090909097,30,11,5575.56,0,Occasional Customers
16768.0,478.09000000000003,3,196,159.36333333333334,47,3,478.09000000000003,0,Occasional Customers
16769.0,361.54,1,80,361.54,259,1,361.54,1,Low Value Customers
16770.0,757.1,5,456,151.42000000000002,57,5,757.1,0,Occasional Customers
16771.0,2242.61,5,1487,448.52200000000005,32,5,2242.61,0,Occasional Customers
16773.0,171.59,1,171,171.59,56,1,171.59,0,Occasional Customers
16774.0,661.52,4,322,165.38,67,4,661.52,0,Occasional Customers
16775.0,1691.51,11,439,153.77363636363637,9,11,1691.51,0,Occasional Customers
16776.0,371.54,1,254,371.54,59,1,371.54,0,Occasional Customers
16777.0,222.62,2,62,111.31,79,2,222.62,0,Occasional Customers
16778.0,245.94,2,194,122.97,73,2,245.94,0,Occasional Customers
16779.0,10611.720000000001,22,5301,482.35090909090917,1,22,10611.720000000001,3,Regular Customers
16780.0,422.24,2,270,211.12,99,2,422.24,0,Occasional Customers
16781.0,311.25,1,113,311.25,371,1,311.25,1,Low Value Customers
16782.0,2267.9500000000003,13,705,174.45769230769233,9,13,2267.9500000000003,0,Occasional Customers
16784.0,107.6,1,24,107.6,19,1,107.6,0,Occasional Customers
16788.0,594.39,2,304,297.195,122,2,594.39,0,Occasional Customers
16789.0,80.8,1,32,80.8,7,1,80.8,0,Occasional Customers
16790.0,1545.6200000000001,6,898,257.60333333333335,3,6,1545.6200000000001,0,Occasional Customers
16791.0,1705.78,7,757,243.68285714285713,28,7,1705.78,0,Occasional Customers
16792.0,110.38000000000001,2,44,55.190000000000005,281,2,110.38000000000001,1,Low Value Customers
16793.0,243.84,1,146,243.84,56,1,243.84,0,Occasional Customers
16794.0,1196.5,10,923,119.65,0,10,1196.5,0,Occasional Customers
16795.0,414.88,1,239,414.88,364,1,414.88,1,Low Value Customers
16796.0,305.62,1,186,305.62,88,1,305.62,0,Occasional Customers
16800.0,1162.65,1,524,1162.65,10,1,1162.65,0,Occasional Customers
16801.0,1594.23,4,493,398.5575,162,4,1594.23,1,Low Value Customers
16803.0,332.3,1,245,332.3,64,1,332.3,0,Occasional Customers
16804.0,536.99,3,246,178.99666666666667,22,3,536.99,0,Occasional Customers
16805.0,460.59,2,539,230.295,173,2,460.59,1,Low Value Customers
16806.0,762.16,4,356,190.54,102,4,762.16,0,Occasional Customers
16807.0,1121.59,3,778,373.8633333333333,142,3,1121.59,0,Occasional Customers
16808.0,288.42,2,196,144.21,98,2,288.42,0,Occasional Customers
16809.0,914.69,5,652,182.93800000000002,22,5,914.69,0,Occasional Customers
16810.0,309.54,1,114,309.54,191,1,309.54,1,Low Value Customers
16811.0,547.07,2,477,273.535,4,2,547.07,0,Occasional Customers
16812.0,479.35,1,81,479.35,360,1,479.35,1,Low Value Customers
16813.0,1652.18,10,1501,165.21800000000002,7,10,1652.18,0,Occasional Customers
16814.0,6416.7,21,2697,305.5571428571428,13,21,6416.7,3,Regular Customers
16816.0,417.06,4,274,104.265,102,4,417.06,0,Occasional Customers
16817.0,1604.75,9,822,178.30555555555554,2,9,1604.75,0,Occasional Customers
16818.0,3349.57,11,2164,304.50636363636363,10,11,3349.57,0,Occasional Customers
16820.0,497.61,1,307,497.61,95,1,497.61,0,Occasional Customers
16823.0,358.38,1,136,358.38,226,1,358.38,1,Low Value Customers
16824.0,460.64,2,236,230.32,15,2,460.64,0,Occasional Customers
16825.0,775.1800000000001,2,566,387.59000000000003,38,2,775.1800000000001,0,Occasional Customers
16826.0,341.7,1,158,341.7,50,1,341.7,0,Occasional Customers
16828.0,128.5,2,59,64.25,92,2,128.5,0,Occasional Customers
16829.0,197.22,1,99,197.22,156,1,197.22,1,Low Value Customers
16830.0,325.91,1,264,325.91,38,1,325.91,0,Occasional Customers
16832.0,199.15,3,33,66.38333333333334,183,3,199.15,1,Low Value Customers
16833.0,1106.53,4,440,276.6325,0,4,1106.53,0,Occasional Customers
16834.0,413.46,1,358,413.46,227,1,413.46,1,Low Value Customers
16835.0,180.85,2,61,90.425,127,2,180.85,0,Occasional Customers
16836.0,251.87,2,165,125.935,39,2,251.87,0,Occasional Customers
16837.0,3170.98,11,1563,288.2709090909091,30,11,3170.98,0,Occasional Customers
16838.0,588.85,2,185,294.425,196,2,588.85,1,Low Value Customers
16839.0,16594.35,34,8975,488.06911764705876,8,34,16594.35,3,Regular Customers
16841.0,1869.82,6,2250,311.63666666666666,36,6,1869.82,0,Occasional Customers
16842.0,1264.19,3,693,421.3966666666667,100,3,1264.19,0,Occasional Customers
16843.0,10196.57,16,10159,637.285625,42,16,10196.57,3,Regular Customers
16846.0,214.32,1,135,214.32,49,1,214.32,0,Occasional Customers
16847.0,193.44,1,78,193.44,42,1,193.44,0,Occasional Customers
16848.0,281.42,1,182,281.42,52,1,281.42,0,Occasional Customers
16849.0,124.57,1,33,124.57,186,1,124.57,1,Low Value Customers
16850.0,332.41,1,249,332.41,333,1,332.41,1,Low Value Customers
16851.0,342.45,3,271,114.14999999999999,3,3,342.45,0,Occasional Customers
16852.0,144.91000000000003,2,56,72.45500000000001,9,2,144.91000000000003,0,Occasional Customers
16855.0,328.4,2,164,164.2,23,2,328.4,0,Occasional Customers
16856.0,35.400000000000006,1,12,35.400000000000006,14,1,35.400000000000006,0,Occasional Customers
16858.0,375.69000000000005,1,91,375.69000000000005,368,1,375.69000000000005,1,Low Value Customers
16859.0,747.81,2,827,373.905,144,2,747.81,1,Low Value Customers
16861.0,173.76,2,140,86.88,59,2,173.76,0,Occasional Customers
16863.0,502.8,2,409,251.4,30,2,502.8,0,Occasional Customers
16866.0,207.73999999999998,3,60,69.24666666666666,140,3,207.73999999999998,0,Occasional Customers
16869.0,817.12,4,583,204.28,22,4,817.12,0,Occasional Customers
16871.0,2812.34,6,1253,468.72333333333336,21,6,2812.34,0,Occasional Customers
16872.0,680.02,3,600,226.67333333333332,76,3,680.02,0,Occasional Customers
16873.0,7123.62,6,3840,1187.27,4,6,7123.62,0,Occasional Customers
16875.0,2095.53,5,1069,419.10600000000005,66,5,2095.53,0,Occasional Customers
16877.0,846.62,6,458,141.10333333333332,11,6,846.62,0,Occasional Customers
16878.0,13.3,1,12,13.3,83,1,13.3,0,Occasional Customers
16880.0,1491.43,7,746,213.0614285714286,30,7,1491.43,0,Occasional Customers
16881.0,432.0,1,600,432.0,66,1,432.0,0,Occasional Customers
16882.0,705.12,3,424,235.04,66,3,705.12,0,Occasional Customers
16883.0,272.48,2,103,136.24,186,2,272.48,1,Low Value Customers
16884.0,429.84000000000003,2,320,214.92000000000002,37,2,429.84000000000003,0,Occasional Customers
16885.0,450.41,3,178,150.13666666666668,14,3,450.41,0,Occasional Customers
16887.0,192.32999999999998,1,156,192.32999999999998,34,1,192.32999999999998,0,Occasional Customers
16889.0,1578.67,3,925,526.2233333333334,194,3,1578.67,1,Low Value Customers
16891.0,742.43,5,265,148.486,1,5,742.43,0,Occasional Customers
16892.0,518.19,5,236,103.638,0,5,518.19,0,Occasional Customers
16893.0,145.93,1,62,145.93,366,1,145.93,1,Low Value Customers
16895.0,202.27,1,91,202.27,64,1,202.27,0,Occasional Customers
16897.0,289.78,2,73,144.89,298,2,289.78,1,Low Value Customers
16898.0,501.03,3,412,167.01,25,3,501.03,0,Occasional Customers
16899.0,1271.06,6,520,211.84333333333333,7,6,1271.06,0,Occasional Customers
16900.0,887.11,3,833,295.7033333333333,16,3,887.11,0,Occasional Customers
16902.0,1706.88,1,629,1706.88,115,1,1706.88,0,Occasional Customers
16903.0,363.2,1,247,363.2,28,1,363.2,0,Occasional Customers
16904.0,3653.75,16,1984,228.359375,3,16,3653.75,3,Regular Customers
16905.0,3037.6,7,1381,433.9428571428571,4,7,3037.6,0,Occasional Customers
16906.0,559.59,4,263,139.8975,81,4,559.59,0,Occasional Customers
16907.0,928.76,5,286,185.752,28,5,928.76,0,Occasional Customers
16909.0,379.14,1,436,379.14,71,1,379.14,0,Occasional Customers
16910.0,1508.96,8,884,188.62,3,8,1508.96,0,Occasional Customers
16912.0,2555.58,11,1025,232.32545454545453,28,11,2555.58,0,Occasional Customers
16913.0,113.44,1,82,113.44,289,1,113.44,1,Low Value Customers
16914.0,183.76,1,112,183.76,35,1,183.76,0,Occasional Customers
16915.0,621.6800000000001,6,132,103.61333333333334,8,6,621.6800000000001,0,Occasional Customers
16916.0,562.41,2,431,281.205,23,2,562.41,0,Occasional Customers
16917.0,391.52,1,232,391.52,276,1,391.52,1,Low Value Customers
16918.0,1068.82,6,721,178.13666666666666,49,6,1068.82,0,Occasional Customers
16919.0,2592.25,11,1403,235.6590909090909,155,11,2592.25,0,Occasional Customers
16921.0,154.18,1,154,154.18,60,1,154.18,0,Occasional Customers
16923.0,7069.08,19,3344,372.0568421052632,11,19,7069.08,3,Regular Customers
16924.0,829.89,3,467,276.63,20,3,829.89,0,Occasional Customers
16926.0,230.25,1,35,230.25,370,1,230.25,1,Low Value Customers
16927.0,543.05,3,993,181.01666666666665,115,3,543.05,0,Occasional Customers
16928.0,2814.7,17,2092,165.5705882352941,79,17,2814.7,3,Regular Customers
16929.0,1295.39,7,929,185.0557142857143,3,7,1295.39,0,Occasional Customers
16930.0,378.89,3,339,126.29666666666667,25,3,378.89,0,Occasional Customers
16931.0,4554.87,21,3134,216.89857142857142,4,21,4554.87,3,Regular Customers
16932.0,150.23000000000002,1,82,150.23000000000002,52,1,150.23000000000002,0,Occasional Customers
16933.0,563.23,2,288,281.615,0,2,563.23,0,Occasional Customers
16934.0,931.03,2,397,465.515,54,2,931.03,0,Occasional Customers
16936.0,261.9,1,171,261.9,25,1,261.9,0,Occasional Customers
16938.0,2711.6800000000003,4,2533,677.9200000000001,8,4,2711.6800000000003,0,Occasional Customers
16940.0,3049.88,3,2169,1016.6266666666667,51,3,3049.88,0,Occasional Customers
16942.0,1904.99,9,805,211.66555555555556,12,9,1904.99,0,Occasional Customers
16943.0,816.73,3,145,272.24333333333334,211,3,816.73,1,Low Value Customers
16945.0,4345.5,19,2725,228.71052631578948,21,19,4345.5,3,Regular Customers
16947.0,406.48,1,312,406.48,235,1,406.48,1,Low Value Customers
16948.0,435.02,3,1614,145.00666666666666,138,3,435.02,0,Occasional Customers
16949.0,1286.27,6,791,214.37833333333333,3,6,1286.27,0,Occasional Customers
16950.0,1178.56,3,644,392.8533333333333,56,3,1178.56,0,Occasional Customers
16951.0,1277.75,3,1318,425.9166666666667,134,3,1277.75,0,Occasional Customers
16952.0,167.61,2,92,83.805,108,2,167.61,0,Occasional Customers
16953.0,20.8,1,10,20.8,29,1,20.8,0,Occasional Customers
16954.0,2085.08,9,1054,231.67555555555555,0,9,2085.08,0,Occasional Customers
16955.0,518.67,4,266,129.6675,184,4,518.67,1,Low Value Customers
16956.0,308.74,1,114,308.74,17,1,308.74,0,Occasional Customers
16957.0,416.64,2,172,208.32,238,2,416.64,1,Low Value Customers
16959.0,117.35000000000001,1,49,117.35000000000001,86,1,117.35000000000001,0,Occasional Customers
16960.0,507.05,3,304,169.01666666666668,38,3,507.05,0,Occasional Customers
16961.0,234.17,1,125,234.17,115,1,234.17,0,Occasional Customers
16963.0,110.55000000000001,1,35,110.55000000000001,186,1,110.55000000000001,1,Low Value Customers
16965.0,201.19,1,291,201.19,226,1,201.19,1,Low Value Customers
16966.0,2154.97,7,1981,307.8528571428571,7,7,2154.97,0,Occasional Customers
16967.0,319.02,1,333,319.02,188,1,319.02,1,Low Value Customers
16968.0,439.43,2,326,219.715,3,2,439.43,0,Occasional Customers
16969.0,650.41,3,816,216.8033333333333,38,3,650.41,0,Occasional Customers
16971.0,357.21,1,72,357.21,37,1,357.21,0,Occasional Customers
16976.0,251.51999999999998,1,88,251.51999999999998,266,1,251.51999999999998,1,Low Value Customers
16978.0,344.33,1,166,344.33,77,1,344.33,0,Occasional Customers
16979.0,1852.0,6,865,308.6666666666667,3,6,1852.0,0,Occasional Customers
16980.0,1028.46,2,739,514.23,254,2,1028.46,1,Low Value Customers
16982.0,384.06,1,182,384.06,60,1,384.06,0,Occasional Customers
16983.0,1905.87,7,1335,272.26714285714286,12,7,1905.87,0,Occasional Customers
16984.0,4459.52,2,2380,2229.76,87,2,4459.52,0,Occasional Customers
16985.0,5464.12,10,1832,546.412,16,10,5464.12,0,Occasional Customers
16986.0,1873.2,2,1040,936.6,29,2,1873.2,0,Occasional Customers
16987.0,1616.8,7,401,230.97142857142856,2,7,1616.8,0,Occasional Customers
16988.0,126.12,1,43,126.12,4,1,126.12,0,Occasional Customers
16989.0,1133.25,6,1233,188.875,6,6,1133.25,0,Occasional Customers
16990.0,179.0,1,100,179.0,218,1,179.0,1,Low Value Customers
16992.0,1614.31,5,860,322.86199999999997,10,5,1614.31,0,Occasional Customers
16996.0,1456.96,6,544,242.82666666666668,29,6,1456.96,0,Occasional Customers
16997.0,702.0,3,360,234.0,287,3,702.0,1,Low Value Customers
16998.0,295.0,4,76,73.75,149,4,295.0,1,Low Value Customers
16999.0,484.82,2,294,242.41,22,2,484.82,0,Occasional Customers
17001.0,3989.57,11,2164,362.6881818181818,0,11,3989.57,0,Occasional Customers
17002.0,1493.73,3,679,497.91,85,3,1493.73,0,Occasional Customers
17004.0,1312.1399999999999,2,771,656.0699999999999,45,2,1312.1399999999999,0,Occasional Customers
17006.0,781.78,4,272,195.445,4,4,781.78,0,Occasional Customers
17007.0,889.9300000000001,6,597,148.3216666666667,50,6,889.9300000000001,0,Occasional Customers
17010.0,195.36,1,118,195.36,17,1,195.36,0,Occasional Customers
17011.0,270.9,1,186,270.9,29,1,270.9,0,Occasional Customers
17014.0,583.4300000000001,3,243,194.4766666666667,7,3,583.4300000000001,0,Occasional Customers
17015.0,1838.6100000000001,3,1978,612.87,28,3,1838.6100000000001,0,Occasional Customers
17017.0,8694.26,20,6673,434.713,2,20,8694.26,3,Regular Customers
17018.0,920.1,2,176,460.05,40,2,920.1,0,Occasional Customers
17019.0,1258.08,4,820,314.52,10,4,1258.08,0,Occasional Customers
17022.0,71.0,1,108,71.0,30,1,71.0,0,Occasional Customers
17024.0,95.85,3,69,31.95,44,3,95.85,0,Occasional Customers
17025.0,357.77,3,235,119.25666666666666,60,3,357.77,0,Occasional Customers
17026.0,154.82999999999998,2,97,77.41499999999999,184,2,154.82999999999998,1,Low Value Customers
17027.0,877.5600000000001,6,416,146.26000000000002,78,6,877.5600000000001,0,Occasional Customers
17029.0,716.0,2,400,358.0,110,2,716.0,0,Occasional Customers
17030.0,146.87,1,146,146.87,63,1,146.87,0,Occasional Customers
17031.0,380.35,2,235,190.175,11,2,380.35,0,Occasional Customers
17033.0,1030.14,3,750,343.38000000000005,85,3,1030.14,0,Occasional Customers
17034.0,745.52,3,410,248.50666666666666,15,3,745.52,0,Occasional Customers
17035.0,433.53000000000003,2,229,216.76500000000001,245,2,433.53000000000003,1,Low Value Customers
17037.0,1267.32,1,656,1267.32,87,1,1267.32,0,Occasional Customers
17038.0,112.4,1,28,112.4,29,1,112.4,0,Occasional Customers
17040.0,449.73,1,181,449.73,137,1,449.73,0,Occasional Customers
17041.0,1071.49,3,927,357.16333333333336,26,3,1071.49,0,Occasional Customers
17042.0,1036.58,5,990,207.31599999999997,2,5,1036.58,0,Occasional Customers
17043.0,1735.18,4,998,433.795,31,4,1735.18,0,Occasional Customers
17044.0,948.48,1,504,948.48,24,1,948.48,0,Occasional Customers
17045.0,339.44,3,106,113.14666666666666,112,3,339.44,0,Occasional Customers
17046.0,642.02,1,510,642.02,156,1,642.02,1,Low Value Customers
17047.0,1100.9,3,533,366.9666666666667,84,3,1100.9,0,Occasional Customers
17048.0,925.35,3,485,308.45,117,3,925.35,0,Occasional Customers
17049.0,5655.03,9,2673,628.3366666666666,2,9,5655.03,0,Occasional Customers
17050.0,3185.64,6,1595,530.9399999999999,95,6,3185.64,0,Occasional Customers
17051.0,240.89000000000001,1,179,240.89000000000001,193,1,240.89000000000001,1,Low Value Customers
17052.0,399.09,1,251,399.09,27,1,399.09,0,Occasional Customers
17053.0,498.48,1,122,498.48,130,1,498.48,0,Occasional Customers
17054.0,1356.33,5,804,271.26599999999996,27,5,1356.33,0,Occasional Customers
17058.0,1179.89,3,592,393.2966666666667,81,3,1179.89,0,Occasional Customers
17059.0,3080.39,5,1850,616.078,29,5,3080.39,0,Occasional Customers
17060.0,234.24,1,216,234.24,265,1,234.24,1,Low Value Customers
17061.0,5232.2300000000005,11,1526,475.65727272727275,73,11,5232.2300000000005,0,Occasional Customers
17062.0,533.33,4,418,133.3325,313,4,533.33,1,Low Value Customers
17063.0,1461.14,7,770,208.73428571428573,20,7,1461.14,0,Occasional Customers
17064.0,855.45,3,316,285.15000000000003,58,3,855.45,0,Occasional Customers
17068.0,4552.14,21,2164,216.76857142857145,11,21,4552.14,3,Regular Customers
17069.0,2709.7000000000003,9,1506,301.0777777777778,27,9,2709.7000000000003,0,Occasional Customers
17070.0,304.24,1,131,304.24,113,1,304.24,0,Occasional Customers
17071.0,2429.03,9,1197,269.89222222222224,27,9,2429.03,0,Occasional Customers
17073.0,1446.09,4,759,361.5225,17,4,1446.09,0,Occasional Customers
17075.0,834.12,4,292,208.53,17,4,834.12,0,Occasional Customers
17076.0,841.0799999999999,3,295,280.35999999999996,35,3,841.0799999999999,0,Occasional Customers
17078.0,378.2,2,788,189.1,35,2,378.2,0,Occasional Customers
17079.0,118.80000000000001,1,24,118.80000000000001,77,1,118.80000000000001,0,Occasional Customers
17080.0,287.62,2,166,143.81,21,2,287.62,0,Occasional Customers
17081.0,288.91,2,77,144.455,24,2,288.91,0,Occasional Customers
17082.0,2003.85,2,1049,1001.925,32,2,2003.85,0,Occasional Customers
17083.0,1405.78,3,772,468.5933333333333,108,3,1405.78,0,Occasional Customers
17084.0,2747.9900000000002,2,1702,1373.9950000000001,34,2,2747.9900000000002,0,Occasional Customers
17085.0,1562.4,5,785,312.48,122,5,1562.4,0,Occasional Customers
17086.0,2050.08,6,1859,341.68,6,6,2050.08,0,Occasional Customers
17088.0,1991.01,4,868,497.7525,27,4,1991.01,0,Occasional Customers
17090.0,1974.65,7,903,282.09285714285716,3,7,1974.65,0,Occasional Customers
17091.0,3827.76,9,1746,425.3066666666667,2,9,3827.76,0,Occasional Customers
17092.0,1774.03,4,1130,443.5075,49,4,1774.03,0,Occasional Customers
17094.0,302.0,1,152,302.0,321,1,302.0,1,Low Value Customers
17095.0,1324.16,3,618,441.3866666666667,22,3,1324.16,0,Occasional Customers
17096.0,1022.13,4,339,255.5325,14,4,1022.13,0,Occasional Customers
17097.0,954.42,8,459,119.3025,1,8,954.42,0,Occasional Customers
17100.0,971.74,2,800,485.87,17,2,971.74,0,Occasional Customers
17101.0,1621.73,4,815,405.4325,9,4,1621.73,0,Occasional Customers
17102.0,25.5,1,2,25.5,261,1,25.5,1,Low Value Customers
17105.0,665.78,2,693,332.89,158,2,665.78,1,Low Value Customers
17107.0,10797.48,6,4826,1799.58,32,6,10797.48,0,Occasional Customers
17109.0,881.29,6,588,146.88166666666666,28,6,881.29,0,Occasional Customers
17110.0,163.29999999999998,1,50,163.29999999999998,164,1,163.29999999999998,1,Low Value Customers
17111.0,231.61,1,282,231.61,46,1,231.61,0,Occasional Customers
17114.0,801.12,8,215,100.14,5,8,801.12,0,Occasional Customers
17115.0,837.5,3,372,279.1666666666667,7,3,837.5,0,Occasional Customers
17117.0,116.19999999999999,1,68,116.19999999999999,287,1,116.19999999999999,1,Low Value Customers
17118.0,157.02,1,154,157.02,317,1,157.02,1,Low Value Customers
17119.0,606.91,2,334,303.455,2,2,606.91,0,Occasional Customers
17120.0,307.46,1,120,307.46,232,1,307.46,1,Low Value Customers
17122.0,138.32,1,80,138.32,118,1,138.32,0,Occasional Customers
17123.0,345.29999999999995,1,246,345.29999999999995,161,1,345.29999999999995,1,Low Value Customers
17124.0,294.24,1,129,294.24,184,1,294.24,1,Low Value Customers
17125.0,230.5,1,281,230.5,49,1,230.5,0,Occasional Customers
17126.0,989.45,5,780,197.89000000000001,151,5,989.45,1,Low Value Customers
17128.0,157.09,1,76,157.09,334,1,157.09,1,Low Value Customers
17131.0,2463.17,5,983,492.634,4,5,2463.17,0,Occasional Customers
17133.0,4892.240000000001,7,2730,698.8914285714287,15,7,4892.240000000001,0,Occasional Customers
17134.0,413.2,2,98,206.6,106,2,413.2,0,Occasional Customers
17135.0,1139.73,7,1224,162.81857142857143,15,7,1139.73,0,Occasional Customers
17138.0,380.5,1,126,380.5,275,1,380.5,1,Low Value Customers
17139.0,10650.77,12,5176,887.5641666666667,15,12,10650.77,3,Regular Customers
17140.0,454.12,1,296,454.12,246,1,454.12,1,Low Value Customers
17142.0,579.0,1,81,579.0,238,1,579.0,1,Low Value Customers
17144.0,984.57,2,483,492.285,0,2,984.57,0,Occasional Customers
17146.0,749.78,3,212,249.92666666666665,105,3,749.78,0,Occasional Customers
17147.0,1714.59,4,882,428.6475,22,4,1714.59,0,Occasional Customers
17148.0,124.88,1,82,124.88,51,1,124.88,0,Occasional Customers
17152.0,1689.5,3,517,563.1666666666666,194,3,1689.5,1,Low Value Customers
17153.0,213.78,1,104,213.78,23,1,213.78,0,Occasional Customers
17154.0,329.34,1,490,329.34,74,1,329.34,0,Occasional Customers
17155.0,251.70000000000002,2,242,125.85000000000001,17,2,251.70000000000002,0,Occasional Customers
17157.0,319.0,2,172,159.5,7,2,319.0,0,Occasional Customers
17158.0,1266.97,3,778,422.3233333333333,31,3,1266.97,0,Occasional Customers
17159.0,1538.88,3,1111,512.96,21,3,1538.88,0,Occasional Customers
17160.0,3518.03,6,2856,586.3383333333334,30,6,3518.03,0,Occasional Customers
17162.0,1715.46,10,1001,171.546,28,10,1715.46,0,Occasional Customers
17163.0,293.1,2,66,146.55,21,2,293.1,0,Occasional Customers
17164.0,2467.35,7,1501,352.4785714285714,32,7,2467.35,0,Occasional Customers
17165.0,158.68,1,100,158.68,283,1,158.68,1,Low Value Customers
17166.0,206.34,2,78,103.17,38,2,206.34,0,Occasional Customers
17169.0,835.78,2,526,417.89,57,2,835.78,0,Occasional Customers
17171.0,224.91,1,185,224.91,288,1,224.91,1,Low Value Customers
17172.0,317.76,1,480,317.76,78,1,317.76,0,Occasional Customers
17173.0,3766.6,8,1122,470.825,4,8,3766.6,0,Occasional Customers
17174.0,59.9,1,41,59.9,217,1,59.9,1,Low Value Customers
17175.0,1443.69,4,866,360.9225,43,4,1443.69,0,Occasional Customers
17176.0,306.13,1,170,306.13,201,1,306.13,1,Low Value Customers
17179.0,711.79,3,290,237.26333333333332,177,3,711.79,1,Low Value Customers
17180.0,783.97,4,670,195.9925,55,4,783.97,0,Occasional Customers
17181.0,239.92000000000002,2,241,119.96000000000001,56,2,239.92000000000002,0,Occasional Customers
17183.0,3347.31,6,1296,557.885,7,6,3347.31,0,Occasional Customers
17186.0,144.0,2,200,72.0,46,2,144.0,0,Occasional Customers
17187.0,203.95,1,144,203.95,226,1,203.95,1,Low Value Customers
17188.0,2474.23,7,1328,353.4614285714286,10,7,2474.23,0,Occasional Customers
17189.0,383.75,2,226,191.875,105,2,383.75,0,Occasional Customers
17190.0,444.74,2,161,222.37,58,2,444.74,0,Occasional Customers
17191.0,2093.68,7,1166,299.09714285714284,27,7,2093.68,0,Occasional Customers
17193.0,1699.3000000000002,7,1254,242.7571428571429,35,7,1699.3000000000002,0,Occasional Customers
17194.0,262.62,2,119,131.31,273,2,262.62,1,Low Value Customers
17197.0,1013.01,1,191,1013.01,29,1,1013.01,0,Occasional Customers
17198.0,692.22,3,357,230.74,23,3,692.22,0,Occasional Customers
17201.0,289.78,1,231,289.78,53,1,289.78,0,Occasional Customers
17203.0,3560.08,6,2846,593.3466666666667,35,6,3560.08,0,Occasional Customers
17204.0,1564.56,4,646,391.14,174,4,1564.56,1,Low Value Customers
17205.0,384.08,1,884,384.08,53,1,384.08,0,Occasional Customers
17206.0,204.24,1,76,204.24,52,1,204.24,0,Occasional Customers
17211.0,2317.2200000000003,8,1323,289.65250000000003,26,8,2317.2200000000003,0,Occasional Customers
17212.0,226.85,1,147,226.85,252,1,226.85,1,Low Value Customers
17213.0,2781.23,7,1176,397.31857142857143,39,7,2781.23,0,Occasional Customers
17214.0,1059.1200000000001,6,272,176.52,59,6,1059.1200000000001,0,Occasional Customers
17217.0,113.5,1,24,113.5,233,1,113.5,1,Low Value Customers
17218.0,1951.97,10,955,195.197,3,10,1951.97,0,Occasional Customers
17219.0,114.23,1,89,114.23,31,1,114.23,0,Occasional Customers
17220.0,3187.55,14,1897,227.68214285714288,23,14,3187.55,0,Occasional Customers
17221.0,334.48,2,287,167.24,6,2,334.48,0,Occasional Customers
17222.0,328.65,1,122,328.65,64,1,328.65,0,Occasional Customers
17223.0,416.89,2,110,208.445,309,2,416.89,1,Low Value Customers
17226.0,393.49,1,406,393.49,308,1,393.49,1,Low Value Customers
17227.0,939.32,6,741,156.55333333333334,18,6,939.32,0,Occasional Customers
17228.0,1906.09,8,1532,238.26125,15,8,1906.09,0,Occasional Customers
17229.0,318.76,2,185,159.38,95,2,318.76,0,Occasional Customers
17230.0,3638.41,8,1651,454.80125,263,8,3638.41,1,Low Value Customers
17231.0,3124.72,10,1724,312.472,11,10,3124.72,0,Occasional Customers
17232.0,417.77,2,202,208.885,2,2,417.77,0,Occasional Customers
17233.0,190.88,1,131,190.88,34,1,190.88,0,Occasional Customers
17234.0,149.89000000000001,1,55,149.89000000000001,182,1,149.89000000000001,1,Low Value Customers
17235.0,550.06,2,224,275.03,24,2,550.06,0,Occasional Customers
17236.0,916.13,6,474,152.68833333333333,12,6,916.13,0,Occasional Customers
17237.0,314.69,2,105,157.345,10,2,314.69,0,Occasional Customers
17238.0,3719.1,17,1807,218.7705882352941,2,17,3719.1,3,Regular Customers
17239.0,382.5,1,150,382.5,312,1,382.5,1,Low Value Customers
17242.0,1135.04,2,611,567.52,107,2,1135.04,0,Occasional Customers
17243.0,8540.05,26,3320,328.4634615384615,0,26,8540.05,3,Regular Customers
17244.0,954.9,1,616,954.9,52,1,954.9,0,Occasional Customers
17245.0,171.45,1,75,171.45,204,1,171.45,1,Low Value Customers
17247.0,280.09000000000003,1,105,280.09000000000003,14,1,280.09000000000003,0,Occasional Customers
17248.0,318.65,1,213,318.65,119,1,318.65,0,Occasional Customers
17250.0,381.97,2,167,190.985,3,2,381.97,0,Occasional Customers
17251.0,269.83,1,108,269.83,362,1,269.83,1,Low Value Customers
17252.0,348.91,2,192,174.455,116,2,348.91,0,Occasional Customers
17253.0,178.26,1,43,178.26,17,1,178.26,0,Occasional Customers
17254.0,271.19,2,251,135.595,4,2,271.19,0,Occasional Customers
17255.0,291.48,2,227,145.74,40,2,291.48,0,Occasional Customers
17256.0,240.0,2,141,120.0,106,2,240.0,0,Occasional Customers
17259.0,581.23,2,388,290.615,147,2,581.23,1,Low Value Customers
17262.0,1253.3600000000001,5,367,250.67200000000003,51,5,1253.3600000000001,0,Occasional Customers
17263.0,63.440000000000005,1,36,63.440000000000005,207,1,63.440000000000005,1,Low Value Customers
17265.0,550.01,2,389,275.005,138,2,550.01,0,Occasional Customers
17266.0,296.58,3,153,98.86,1,3,296.58,0,Occasional Customers
17267.0,317.2,2,158,158.6,126,2,317.2,0,Occasional Customers
17268.0,763.64,4,844,190.91,107,4,763.64,0,Occasional Customers
17272.0,2148.63,4,1778,537.1575,41,4,2148.63,0,Occasional Customers
17274.0,107.82,1,77,107.82,34,1,107.82,0,Occasional Customers
17277.0,1065.3500000000001,2,430,532.6750000000001,227,2,1065.3500000000001,1,Low Value Customers
17278.0,246.04,1,179,246.04,240,1,246.04,1,Low Value Customers
17279.0,187.82999999999998,1,48,187.82999999999998,57,1,187.82999999999998,0,Occasional Customers
17282.0,1685.46,3,1866,561.82,129,3,1685.46,0,Occasional Customers
17284.0,1647.48,6,1362,274.58,59,6,1647.48,0,Occasional Customers
17286.0,151.37,1,117,151.37,21,1,151.37,0,Occasional Customers
17287.0,1049.06,7,556,149.8657142857143,25,7,1049.06,0,Occasional Customers
17288.0,1417.63,7,1201,202.51857142857145,8,7,1417.63,0,Occasional Customers
17289.0,931.02,3,513,310.34,31,3,931.02,0,Occasional Customers
17290.0,513.01,2,397,256.505,3,2,513.01,0,Occasional Customers
17291.0,550.8000000000001,1,72,550.8000000000001,307,1,550.8000000000001,1,Low Value Customers
17293.0,1854.06,9,1135,206.00666666666666,7,9,1854.06,0,Occasional Customers
17295.0,547.0,3,293,182.33333333333334,28,3,547.0,0,Occasional Customers
17297.0,128.18,1,65,128.18,16,1,128.18,0,Occasional Customers
17298.0,498.42,2,387,249.21,100,2,498.42,0,Occasional Customers
17299.0,656.61,4,668,164.1525,11,4,656.61,0,Occasional Customers
17301.0,163.24,1,137,163.24,20,1,163.24,0,Occasional Customers
17302.0,1135.63,5,575,227.12600000000003,14,5,1135.63,0,Occasional Customers
17303.0,250.04,1,144,250.04,360,1,250.04,1,Low Value Customers
17306.0,8631.31,19,11491,454.2794736842105,10,19,8631.31,3,Regular Customers
17309.0,82.75,1,41,82.75,94,1,82.75,0,Occasional Customers
17311.0,1384.85,2,1005,692.425,77,2,1384.85,0,Occasional Customers
17312.0,644.3,3,372,214.76666666666665,138,3,644.3,0,Occasional Customers
17313.0,2328.84,1,1402,2328.84,30,1,2328.84,0,Occasional Customers
17314.0,2527.92,8,1896,315.99,24,8,2527.92,0,Occasional Customers
17315.0,6281.23,38,3863,165.29552631578946,1,38,6281.23,3,Regular Customers
17317.0,2600.34,3,1146,866.7800000000001,45,3,2600.34,0,Occasional Customers
17320.0,1200.6200000000001,3,634,400.2066666666667,99,3,1200.6200000000001,0,Occasional Customers
17321.0,657.16,2,364,328.58,7,2,657.16,0,Occasional Customers
17323.0,906.52,7,760,129.50285714285715,14,7,906.52,0,Occasional Customers
17324.0,986.48,4,843,246.62,17,4,986.48,0,Occasional Customers
17325.0,96.8,1,60,96.8,279,1,96.8,1,Low Value Customers
17329.0,523.11,2,142,261.555,13,2,523.11,0,Occasional Customers
17330.0,363.9,2,120,181.95,22,2,363.9,0,Occasional Customers
17331.0,175.2,1,16,175.2,123,1,175.2,0,Occasional Customers
17333.0,494.25,1,375,494.25,85,1,494.25,0,Occasional Customers
17334.0,307.02,2,315,153.51,301,2,307.02,1,Low Value Customers
17337.0,1981.06,4,1247,495.265,150,4,1981.06,1,Low Value Customers
17338.0,6493.54,8,3059,811.6925,16,8,6493.54,0,Occasional Customers
17339.0,243.36,2,152,121.68,93,2,243.36,0,Occasional Customers
17340.0,12353.29,11,5967,1123.0263636363636,29,11,12353.29,3,Regular Customers
17341.0,682.29,3,443,227.42999999999998,156,3,682.29,1,Low Value Customers
17343.0,193.64,1,56,193.64,354,1,193.64,1,Low Value Customers
17344.0,157.62,1,65,157.62,45,1,157.62,0,Occasional Customers
17345.0,519.6899999999999,4,341,129.92249999999999,14,4,519.6899999999999,0,Occasional Customers
17346.0,2622.88,15,1617,174.85866666666666,3,15,2622.88,3,Regular Customers
17347.0,228.96,1,216,228.96,85,1,228.96,0,Occasional Customers
17348.0,1156.6,5,1398,231.32,14,5,1156.6,0,Occasional Customers
17349.0,98.25,1,102,98.25,178,1,98.25,1,Low Value Customers
17350.0,1281.32,4,770,320.33,7,4,1281.32,0,Occasional Customers
17351.0,587.15,3,113,195.71666666666667,35,3,587.15,0,Occasional Customers
17353.0,1740.0,2,1200,870.0,128,2,1740.0,0,Occasional Customers
17354.0,1393.06,1,1006,1393.06,50,1,1393.06,0,Occasional Customers
17356.0,178.22,1,166,178.22,311,1,178.22,1,Low Value Customers
17357.0,384.39,2,152,192.195,23,2,384.39,0,Occasional Customers
17358.0,360.81,2,190,180.405,302,2,360.81,1,Low Value Customers
17359.0,127.86,1,161,127.86,10,1,127.86,0,Occasional Customers
17360.0,568.24,3,328,189.41333333333333,16,3,568.24,0,Occasional Customers
17361.0,488.2,3,157,162.73333333333332,48,3,488.2,0,Occasional Customers
17362.0,312.23,2,191,156.115,238,2,312.23,1,Low Value Customers
17364.0,4462.68,11,2692,405.69818181818187,0,11,4462.68,0,Occasional Customers
17365.0,4767.36,8,4749,595.92,12,8,4767.36,0,Occasional Customers
17367.0,167.55,1,149,167.55,237,1,167.55,1,Low Value Customers
17368.0,1878.87,8,1377,234.85875,22,8,1878.87,0,Occasional Customers
17370.0,446.18,4,540,111.545,72,4,446.18,0,Occasional Customers
17371.0,418.4,3,151,139.46666666666667,16,3,418.4,0,Occasional Customers
17372.0,1337.18,8,747,167.1475,40,8,1337.18,0,Occasional Customers
17373.0,646.92,4,408,161.73,39,4,646.92,0,Occasional Customers
17374.0,495.77,2,85,247.885,218,2,495.77,1,Low Value Customers
17375.0,400.1,3,367,133.36666666666667,198,3,400.1,1,Low Value Customers
17376.0,203.2,2,86,101.6,70,2,203.2,0,Occasional Customers
17377.0,4058.32,20,2038,202.916,23,20,4058.32,3,Regular Customers
17379.0,389.71999999999997,1,623,389.71999999999997,10,1,389.71999999999997,0,Occasional Customers
17381.0,20275.61,29,25649,699.1589655172414,8,29,20275.61,3,Regular Customers
17382.0,65.4,1,25,65.4,64,1,65.4,0,Occasional Customers
17383.0,193.39000000000001,1,148,193.39000000000001,3,1,193.39000000000001,0,Occasional Customers
17384.0,336.4,2,88,168.2,18,2,336.4,0,Occasional Customers
17385.0,256.11,1,197,256.11,14,1,256.11,0,Occasional Customers
17386.0,2686.42,6,1902,447.7366666666667,7,6,2686.42,0,Occasional Customers
17387.0,746.81,2,522,373.405,19,2,746.81,0,Occasional Customers
17388.0,1259.56,4,1068,314.89,77,4,1259.56,0,Occasional Customers
17389.0,31833.68,34,7612,936.2847058823529,0,34,31833.68,3,Regular Customers
17391.0,508.8,2,480,254.4,163,2,508.8,1,Low Value Customers
17392.0,417.27,2,277,208.635,306,2,417.27,1,Low Value Customers
17394.0,203.86999999999998,1,241,203.86999999999998,218,1,203.86999999999998,1,Low Value Customers
17396.0,7330.8,8,2005,916.35,38,8,7330.8,0,Occasional Customers
17397.0,681.41,2,250,340.705,21,2,681.41,0,Occasional Customers
17398.0,653.38,3,310,217.79333333333332,114,3,653.38,0,Occasional Customers
17400.0,2097.84,5,1088,419.56800000000004,125,5,2097.84,0,Occasional Customers
17402.0,2633.85,13,701,202.60384615384615,4,13,2633.85,0,Occasional Customers
17403.0,263.92,1,111,263.92,35,1,263.92,0,Occasional Customers
17404.0,31906.82,15,32748,2127.1213333333335,3,15,31906.82,3,Regular Customers
17405.0,1031.41,3,726,343.80333333333334,0,3,1031.41,0,Occasional Customers
17406.0,2184.42,3,780,728.14,332,3,2184.42,1,Low Value Customers
17408.0,32.65,1,3,32.65,162,1,32.65,1,Low Value Customers
17409.0,771.85,2,105,385.925,184,2,771.85,1,Low Value Customers
17410.0,1214.72,5,616,242.94400000000002,15,5,1214.72,0,Occasional Customers
17411.0,778.94,3,306,259.6466666666667,11,3,778.94,0,Occasional Customers
17412.0,1258.06,7,738,179.72285714285712,2,7,1258.06,0,Occasional Customers
17414.0,778.0,2,2100,389.0,43,2,778.0,0,Occasional Customers
17415.0,507.84,1,114,507.84,79,1,507.84,0,Occasional Customers
17416.0,6893.42,7,4302,984.7742857142857,29,7,6893.42,0,Occasional Customers
17418.0,463.46000000000004,2,289,231.73000000000002,41,2,463.46000000000004,0,Occasional Customers
17419.0,4226.57,12,1876,352.21416666666664,10,12,4226.57,0,Occasional Customers
17420.0,598.83,3,265,199.61,49,3,598.83,0,Occasional Customers
17422.0,1979.37,6,2253,329.895,15,6,1979.37,0,Occasional Customers
17423.0,698.41,2,459,349.205,45,2,698.41,0,Occasional Customers
17425.0,759.17,2,407,379.585,18,2,759.17,0,Occasional Customers
17426.0,5037.26,6,3094,839.5433333333334,7,6,5037.26,0,Occasional Customers
17427.0,100.8,1,34,100.8,71,1,100.8,0,Occasional Customers
17428.0,17256.85,28,9474,616.3160714285714,0,28,17256.85,3,Regular Customers
17429.0,524.9200000000001,3,624,174.97333333333336,127,3,524.9200000000001,0,Occasional Customers
17430.0,265.76,2,190,132.88,32,2,265.76,0,Occasional Customers
17431.0,403.3,1,292,403.3,312,1,403.3,1,Low Value Customers
17432.0,365.76,2,207,182.88,17,2,365.76,0,Occasional Customers
17433.0,303.15999999999997,1,185,303.15999999999997,87,1,303.15999999999997,0,Occasional Customers
17434.0,2373.82,7,1693,339.1171428571429,1,7,2373.82,0,Occasional Customers
17436.0,216.29999999999998,2,90,108.14999999999999,1,2,216.29999999999998,0,Occasional Customers
17438.0,388.45000000000005,1,103,388.45000000000005,253,1,388.45000000000005,1,Low Value Customers
17440.0,186.42000000000002,3,246,62.14000000000001,156,3,186.42000000000002,1,Low Value Customers
17442.0,2248.56,6,1496,374.76,36,6,2248.56,0,Occasional Customers
17443.0,534.24,1,504,534.24,219,1,534.24,1,Low Value Customers
17444.0,2940.04,3,2119,980.0133333333333,147,3,2940.04,1,Low Value Customers
17446.0,120.9,2,198,60.45,176,2,120.9,1,Low Value Customers
17447.0,541.53,2,443,270.765,39,2,541.53,0,Occasional Customers
17449.0,2519.21,7,1121,359.88714285714286,1,7,2519.21,0,Occasional Customers
17450.0,194390.79,46,69973,4225.886739130435,7,46,194390.79,2,VIP Customers
17451.0,1721.4,7,1203,245.91428571428574,0,7,1721.4,0,Occasional Customers
17453.0,486.71999999999997,2,219,243.35999999999999,17,2,486.71999999999997,0,Occasional Customers
17454.0,517.53,4,243,129.3825,191,4,517.53,1,Low Value Customers
17455.0,131.7,1,66,131.7,203,1,131.7,1,Low Value Customers
17456.0,249.86,1,222,249.86,364,1,249.86,1,Low Value Customers
17457.0,1737.7,5,826,347.54,126,5,1737.7,0,Occasional Customers
17458.0,316.5,1,170,316.5,14,1,316.5,0,Occasional Customers
17459.0,657.3,2,537,328.65,42,2,657.3,0,Occasional Customers
17460.0,622.4300000000001,6,236,103.73833333333334,93,6,622.4300000000001,0,Occasional Customers
17461.0,735.82,3,770,245.27333333333334,22,3,735.82,0,Occasional Customers
17462.0,675.69,2,227,337.845,59,2,675.69,0,Occasional Customers
17463.0,1875.86,5,1086,375.17199999999997,15,5,1875.86,0,Occasional Customers
17464.0,289.96000000000004,1,220,289.96000000000004,157,1,289.96000000000004,1,Low Value Customers
17466.0,763.28,2,306,381.64,9,2,763.28,0,Occasional Customers
17468.0,137.0,2,116,68.5,9,2,137.0,0,Occasional Customers
17469.0,1870.97,5,787,374.194,15,5,1870.97,0,Occasional Customers
17470.0,1125.07,5,1675,225.01399999999998,44,5,1125.07,0,Occasional Customers
17472.0,697.54,3,455,232.51333333333332,190,3,697.54,1,Low Value Customers
17475.0,194.37,1,178,194.37,78,1,194.37,0,Occasional Customers
17480.0,511.82,1,338,511.82,77,1,511.82,0,Occasional Customers
17481.0,1255.59,4,1061,313.8975,3,4,1255.59,0,Occasional Customers
17483.0,414.04,3,191,138.01333333333335,64,3,414.04,0,Occasional Customers
17486.0,396.87,1,191,396.87,260,1,396.87,1,Low Value Customers
17489.0,376.64,2,428,188.32,58,2,376.64,0,Occasional Customers
17490.0,2092.32,7,1134,298.90285714285716,0,7,2092.32,0,Occasional Customers
17491.0,3558.87,10,2013,355.887,0,10,3558.87,0,Occasional Customers
17492.0,374.57,1,155,374.57,247,1,374.57,1,Low Value Customers
17495.0,497.56,2,229,248.78,7,2,497.56,0,Occasional Customers
17496.0,271.05,1,79,271.05,358,1,271.05,1,Low Value Customers
17498.0,272.22,1,394,272.22,75,1,272.22,0,Occasional Customers
17499.0,622.88,1,711,622.88,289,1,622.88,1,Low Value Customers
17500.0,1138.0,3,17,379.3333333333333,16,3,1138.0,0,Occasional Customers
17501.0,288.6,2,160,144.3,220,2,288.6,1,Low Value Customers
17502.0,689.1,4,376,172.275,8,4,689.1,0,Occasional Customers
17503.0,558.96,2,486,279.48,2,2,558.96,0,Occasional Customers
17504.0,2997.0299999999997,9,1664,333.00333333333333,205,9,2997.0299999999997,1,Low Value Customers
17505.0,1145.84,2,556,572.92,161,2,1145.84,1,Low Value Customers
17506.0,302.2,1,139,302.2,75,1,302.2,0,Occasional Customers
17507.0,605.58,2,359,302.79,261,2,605.58,1,Low Value Customers
17508.0,387.31,1,289,387.31,280,1,387.31,1,Low Value Customers
17509.0,6083.64,8,3512,760.455,57,8,6083.64,0,Occasional Customers
17510.0,308.48,1,214,308.48,24,1,308.48,0,Occasional Customers
17511.0,91062.38,31,64549,2937.496129032258,2,31,91062.38,2,VIP Customers
17512.0,2924.9900000000002,10,2753,292.499,28,10,2924.9900000000002,0,Occasional Customers
17513.0,513.2,1,254,513.2,71,1,513.2,0,Occasional Customers
17514.0,208.65,1,135,208.65,127,1,208.65,0,Occasional Customers
17515.0,639.02,4,243,159.755,30,4,639.02,0,Occasional Customers
17516.0,764.88,5,414,152.976,14,5,764.88,0,Occasional Customers
17517.0,153.94,1,102,153.94,308,1,153.94,1,Low Value Customers
17519.0,1844.02,6,1236,307.33666666666664,16,6,1844.02,0,Occasional Customers
17520.0,546.81,1,365,546.81,53,1,546.81,0,Occasional Customers
17521.0,723.2099999999999,3,519,241.06999999999996,29,3,723.2099999999999,0,Occasional Customers
17522.0,1070.71,5,1034,214.142,1,5,1070.71,0,Occasional Customers
17523.0,652.74,4,872,163.185,10,4,652.74,0,Occasional Customers
17524.0,145.0,1,90,145.0,360,1,145.0,1,Low Value Customers
17525.0,422.70000000000005,1,82,422.70000000000005,359,1,422.70000000000005,1,Low Value Customers
17526.0,1195.8999999999999,4,310,298.97499999999997,4,4,1195.8999999999999,0,Occasional Customers
17527.0,939.37,4,488,234.8425,53,4,939.37,0,Occasional Customers
17528.0,3628.5,8,2138,453.5625,0,8,3628.5,0,Occasional Customers
17530.0,2367.12,10,1514,236.712,0,10,2367.12,0,Occasional Customers
17531.0,296.7,1,136,296.7,189,1,296.7,1,Low Value Customers
17534.0,223.36,1,103,223.36,53,1,223.36,0,Occasional Customers
17535.0,164.4,1,136,164.4,279,1,164.4,1,Low Value Customers
17536.0,76.5,1,6,76.5,176,1,76.5,1,Low Value Customers
17537.0,887.67,2,699,443.835,29,2,887.67,0,Occasional Customers
17538.0,98.42,1,134,98.42,25,1,98.42,0,Occasional Customers
17540.0,578.9,2,194,289.45,24,2,578.9,0,Occasional Customers
17542.0,170.75,1,134,170.75,269,1,170.75,1,Low Value Customers
17545.0,642.32,3,337,214.10666666666668,42,3,642.32,0,Occasional Customers
17548.0,103.3,1,58,103.3,233,1,103.3,1,Low Value Customers
17549.0,148.86,2,210,74.43,23,2,148.86,0,Occasional Customers
17550.0,267.16,3,86,89.05333333333334,196,3,267.16,1,Low Value Customers
17551.0,290.34,1,142,290.34,358,1,290.34,1,Low Value Customers
17552.0,930.41,4,719,232.6025,59,4,930.41,0,Occasional Customers
17553.0,1487.6,1,1048,1487.6,129,1,1487.6,0,Occasional Customers
17554.0,1952.45,5,1763,390.49,0,5,1952.45,0,Occasional Customers
17555.0,480.31,2,348,240.155,19,2,480.31,0,Occasional Customers
17556.0,157.9,1,101,157.9,205,1,157.9,1,Low Value Customers
17557.0,541.46,3,306,180.48666666666668,13,3,541.46,0,Occasional Customers
17560.0,854.95,4,635,213.7375,94,4,854.95,0,Occasional Customers
17561.0,165.12,1,144,165.12,18,1,165.12,0,Occasional Customers
17562.0,1122.38,7,817,160.34,13,7,1122.38,0,Occasional Customers
17564.0,454.01,3,146,151.33666666666667,23,3,454.01,0,Occasional Customers
17566.0,869.77,2,497,434.885,7,2,869.77,0,Occasional Customers
17567.0,4331.48,8,2632,541.435,6,8,4331.48,0,Occasional Customers
17569.0,344.14,1,159,344.14,331,1,344.14,1,Low Value Customers
17571.0,1425.67,4,876,356.4175,49,4,1425.67,0,Occasional Customers
17572.0,226.75000000000003,4,95,56.68750000000001,70,4,226.75000000000003,0,Occasional Customers
17573.0,380.6,3,308,126.86666666666667,28,3,380.6,0,Occasional Customers
17574.0,185.65,1,77,185.65,242,1,185.65,1,Low Value Customers
17576.0,3564.83,19,1967,187.62263157894736,7,19,3564.83,3,Regular Customers
17578.0,143.45999999999998,1,138,143.45999999999998,217,1,143.45999999999998,1,Low Value Customers
17579.0,448.90000000000003,3,258,149.63333333333335,4,3,448.90000000000003,0,Occasional Customers
17580.0,215.72,3,88,71.90666666666667,252,3,215.72,1,Low Value Customers
17581.0,11025.24,25,5915,441.0096,0,25,11025.24,3,Regular Customers
17582.0,175.27,1,123,175.27,235,1,175.27,1,Low Value Customers
17584.0,1242.3,2,458,621.15,6,2,1242.3,0,Occasional Customers
17585.0,1116.68,4,1650,279.17,108,4,1116.68,0,Occasional Customers
17588.0,1240.2,3,676,413.40000000000003,99,3,1240.2,0,Occasional Customers
17589.0,2404.17,4,1631,601.0425,59,4,2404.17,0,Occasional Customers
17590.0,1468.02,3,822,489.34,1,3,1468.02,0,Occasional Customers
17591.0,2203.67,7,1000,314.81,72,7,2203.67,0,Occasional Customers
17593.0,3923.86,5,3089,784.772,3,5,3923.86,0,Occasional Customers
17594.0,993.18,2,550,496.59,84,2,993.18,0,Occasional Customers
17595.0,386.69,2,228,193.345,11,2,386.69,0,Occasional Customers
17596.0,2806.69,7,4376,400.9557142857143,22,7,2806.69,0,Occasional Customers
17597.0,2044.3700000000001,1,1176,2044.3700000000001,213,1,2044.3700000000001,1,Low Value Customers
17600.0,161.67000000000002,1,144,161.67000000000002,17,1,161.67000000000002,0,Occasional Customers
17601.0,116.00999999999999,1,103,116.00999999999999,238,1,116.00999999999999,1,Low Value Customers
17602.0,5054.42,6,4116,842.4033333333333,1,6,5054.42,0,Occasional Customers
17603.0,394.72,1,74,394.72,77,1,394.72,0,Occasional Customers
17604.0,309.36,2,169,154.68,216,2,309.36,1,Low Value Customers
17608.0,191.99,2,229,95.995,32,2,191.99,0,Occasional Customers
17609.0,1105.78,5,719,221.156,40,5,1105.78,0,Occasional Customers
17611.0,3961.12,15,2550,264.07466666666664,6,15,3961.12,3,Regular Customers
17612.0,2048.45,6,1808,341.4083333333333,52,6,2048.45,0,Occasional Customers
17613.0,4544.55,14,2490,324.6107142857143,22,14,4544.55,0,Occasional Customers
17614.0,386.32,1,235,386.32,56,1,386.32,0,Occasional Customers
17615.0,329.6,3,140,109.86666666666667,129,3,329.6,0,Occasional Customers
17616.0,571.1999999999999,3,224,190.39999999999998,173,3,571.1999999999999,1,Low Value Customers
17618.0,930.28,3,319,310.0933333333333,5,3,930.28,0,Occasional Customers
17619.0,214.37,1,124,214.37,311,1,214.37,1,Low Value Customers
17620.0,81.44,1,60,81.44,59,1,81.44,0,Occasional Customers
17621.0,1379.9,3,514,459.9666666666667,20,3,1379.9,0,Occasional Customers
17623.0,527.0500000000001,1,265,527.0500000000001,32,1,527.0500000000001,0,Occasional Customers
17624.0,843.48,2,554,421.74,14,2,843.48,0,Occasional Customers
17625.0,2020.4,4,1180,505.1,17,4,2020.4,0,Occasional Customers
17628.0,75.75,1,79,75.75,80,1,75.75,0,Occasional Customers
17629.0,1814.12,8,1629,226.765,5,8,1814.12,0,Occasional Customers
17630.0,503.59999999999997,2,158,251.79999999999998,169,2,503.59999999999997,1,Low Value Customers
17631.0,528.33,3,334,176.11,1,3,528.33,0,Occasional Customers
17633.0,1324.84,4,644,331.21,30,4,1324.84,0,Occasional Customers
17634.0,2358.59,9,838,262.0655555555556,35,9,2358.59,0,Occasional Customers
17636.0,285.56,1,182,285.56,18,1,285.56,0,Occasional Customers
17637.0,547.0600000000001,2,280,273.53000000000003,30,2,547.0600000000001,0,Occasional Customers
17639.0,108.5,1,49,108.5,275,1,108.5,1,Low Value Customers
17640.0,621.66,1,250,621.66,86,1,621.66,0,Occasional Customers
17642.0,712.29,2,474,356.145,119,2,712.29,0,Occasional Customers
17643.0,101.55,1,71,101.55,372,1,101.55,1,Low Value Customers
17644.0,2895.64,11,1793,263.24,0,11,2895.64,0,Occasional Customers
17646.0,1008.39,3,323,336.13,218,3,1008.39,1,Low Value Customers
17647.0,133.06,1,30,133.06,64,1,133.06,0,Occasional Customers
17648.0,1797.5,4,487,449.375,60,4,1797.5,0,Occasional Customers
17649.0,868.49,1,399,868.49,137,1,868.49,0,Occasional Customers
17650.0,166.08,1,150,166.08,20,1,166.08,0,Occasional Customers
17651.0,3945.0,10,3112,394.5,11,10,3945.0,0,Occasional Customers
17652.0,4867.72,12,2509,405.6433333333334,24,12,4867.72,0,Occasional Customers
17653.0,1207.56,4,1409,301.89,36,4,1207.56,0,Occasional Customers
17654.0,117.55,1,41,117.55,276,1,117.55,1,Low Value Customers
17655.0,2638.94,7,1116,376.99142857142857,10,7,2638.94,0,Occasional Customers
17656.0,1674.69,5,1399,334.938,72,5,1674.69,0,Occasional Customers
17658.0,595.42,2,616,297.71,25,2,595.42,0,Occasional Customers
17659.0,2999.46,12,1525,249.955,16,12,2999.46,0,Occasional Customers
17660.0,178.75,1,121,178.75,140,1,178.75,0,Occasional Customers
17663.0,1802.91,7,797,257.55857142857144,25,7,1802.91,0,Occasional Customers
17664.0,604.64,2,604,302.32,18,2,604.64,0,Occasional Customers
17666.0,728.16,2,596,364.08,3,2,728.16,0,Occasional Customers
17667.0,2055.51,5,1033,411.10200000000003,65,5,2055.51,0,Occasional Customers
17668.0,347.75,2,93,173.875,0,2,347.75,0,Occasional Customers
17669.0,3406.7200000000003,7,1916,486.67428571428576,42,7,3406.7200000000003,0,Occasional Customers
17670.0,205.7,1,110,205.7,227,1,205.7,1,Low Value Customers
17671.0,1572.71,4,772,393.1775,15,4,1572.71,0,Occasional Customers
17672.0,3178.17,2,1690,1589.085,49,2,3178.17,0,Occasional Customers
17673.0,1594.97,6,1462,265.8283333333333,1,6,1594.97,0,Occasional Customers
17674.0,551.04,2,672,275.52,73,2,551.04,0,Occasional Customers
17675.0,20374.28,31,8360,657.2348387096774,0,31,20374.28,3,Regular Customers
17676.0,1371.18,6,922,228.53,3,6,1371.18,0,Occasional Customers
17677.0,16345.38,30,9772,544.846,1,30,16345.38,3,Regular Customers
17678.0,298.11,1,207,298.11,263,1,298.11,1,Low Value Customers
17679.0,1992.1100000000001,2,729,996.0550000000001,52,2,1992.1100000000001,0,Occasional Customers
17680.0,184.4,1,96,184.4,23,1,184.4,0,Occasional Customers
17682.0,2474.33,6,1367,412.3883333333333,9,6,2474.33,0,Occasional Customers
17684.0,239.41,1,145,239.41,43,1,239.41,0,Occasional Customers
17685.0,3155.83,7,1907,450.8328571428571,16,7,3155.83,0,Occasional Customers
17686.0,5739.46,7,2478,819.9228571428572,6,7,5739.46,0,Occasional Customers
17690.0,4726.8,15,1769,315.12,29,15,4726.8,3,Regular Customers
17691.0,290.40000000000003,2,134,145.20000000000002,357,2,290.40000000000003,1,Low Value Customers
17692.0,740.9399999999999,4,672,185.23499999999999,126,4,740.9399999999999,0,Occasional Customers
17693.0,200.47,1,231,200.47,136,1,200.47,0,Occasional Customers
17694.0,283.12,1,184,283.12,141,1,283.12,0,Occasional Customers
17695.0,765.34,2,779,382.67,131,2,765.34,0,Occasional Customers
17696.0,2285.71,8,1756,285.71375,37,8,2285.71,0,Occasional Customers
17697.0,338.95,1,93,338.95,235,1,338.95,1,Low Value Customers
17698.0,154.95,1,93,154.95,260,1,154.95,1,Low Value Customers
17700.0,2534.64,4,1266,633.66,16,4,2534.64,0,Occasional Customers
17701.0,417.95,1,109,417.95,252,1,417.95,1,Low Value Customers
17702.0,1824.37,4,1353,456.0925,29,4,1824.37,0,Occasional Customers
17703.0,798.74,3,590,266.24666666666667,34,3,798.74,0,Occasional Customers
17704.0,885.19,2,343,442.595,168,2,885.19,1,Low Value Customers
17705.0,1823.52,9,963,202.61333333333334,2,9,1823.52,0,Occasional Customers
17706.0,10504.49,17,3899,617.9111764705882,3,17,10504.49,3,Regular Customers
17707.0,152.4,2,144,76.2,184,2,152.4,1,Low Value Customers
17708.0,263.33,2,90,131.665,187,2,263.33,1,Low Value Customers
17709.0,137.45,1,17,137.45,169,1,137.45,1,Low Value Customers
17711.0,385.1,2,246,192.55,10,2,385.1,0,Occasional Customers
17712.0,522.91,1,215,522.91,44,1,522.91,0,Occasional Customers
17714.0,153.0,1,92,153.0,320,1,153.0,1,Low Value Customers
17715.0,326.4,1,384,326.4,200,1,326.4,1,Low Value Customers
17716.0,5655.99,11,3072,514.180909090909,22,11,5655.99,0,Occasional Customers
17718.0,139.35,1,83,139.35,231,1,139.35,1,Low Value Customers
17719.0,5396.04,15,2466,359.736,37,15,5396.04,3,Regular Customers
17720.0,1195.94,4,576,298.985,25,4,1195.94,0,Occasional Customers
17722.0,2424.04,4,1595,606.01,95,4,2424.04,0,Occasional Customers
17723.0,3276.4000000000005,6,792,546.0666666666667,126,6,3276.4000000000005,0,Occasional Customers
17724.0,1033.0,3,300,344.3333333333333,70,3,1033.0,0,Occasional Customers
17725.0,3439.08,11,2162,312.64363636363635,15,11,3439.08,0,Occasional Customers
17727.0,1060.25,1,645,1060.25,14,1,1060.25,0,Occasional Customers
17728.0,2876.01,3,1469,958.6700000000001,3,3,2876.01,0,Occasional Customers
17730.0,5298.4800000000005,13,3576,407.5753846153847,2,13,5298.4800000000005,0,Occasional Customers
17731.0,1240.11,4,493,310.0275,78,4,1240.11,0,Occasional Customers
17732.0,303.97,1,93,303.97,372,1,303.97,1,Low Value Customers
17733.0,692.19,2,463,346.095,38,2,692.19,0,Occasional Customers
17734.0,700.63,3,422,233.54333333333332,53,3,700.63,0,Occasional Customers
17735.0,13110.02,19,8439,690.001052631579,1,19,13110.02,3,Regular Customers
17736.0,377.44,3,238,125.81333333333333,8,3,377.44,0,Occasional Customers
17737.0,168.24,2,108,84.12,8,2,168.24,0,Occasional Customers
17738.0,1879.05,4,1029,469.7625,18,4,1879.05,0,Occasional Customers
17739.0,2791.35,7,861,398.7642857142857,11,7,2791.35,0,Occasional Customers
17742.0,355.11,2,89,177.555,112,2,355.11,0,Occasional Customers
17744.0,2322.4,6,3412,387.06666666666666,3,6,2322.4,0,Occasional Customers
17746.0,110.25,1,29,110.25,239,1,110.25,1,Low Value Customers
17747.0,71.4,1,12,71.4,112,1,71.4,0,Occasional Customers
17749.0,674.52,2,320,337.26,177,2,674.52,1,Low Value Customers
17750.0,1710.45,9,3747,190.05,4,9,1710.45,0,Occasional Customers
17752.0,80.64,1,192,80.64,358,1,80.64,1,Low Value Customers
17754.0,1664.65,5,1816,332.93,0,5,1664.65,0,Occasional Customers
17757.0,5593.39,30,3318,186.44633333333334,0,30,5593.39,3,Regular Customers
17758.0,3408.2000000000003,8,2054,426.02500000000003,18,8,3408.2000000000003,0,Occasional Customers
17759.0,819.96,3,697,273.32,16,3,819.96,0,Occasional Customers
17760.0,287.59,2,239,143.795,21,2,287.59,0,Occasional Customers
17761.0,712.78,1,398,712.78,32,1,712.78,0,Occasional Customers
17763.0,15.0,1,12,15.0,262,1,15.0,1,Low Value Customers
17764.0,772.55,2,351,386.275,50,2,772.55,0,Occasional Customers
17765.0,367.63,3,143,122.54333333333334,158,3,367.63,1,Low Value Customers
17767.0,271.2,1,128,271.2,14,1,271.2,0,Occasional Customers
17768.0,2081.9,3,1122,693.9666666666667,7,3,2081.9,0,Occasional Customers
17769.0,3957.43,10,1850,395.743,12,10,3957.43,0,Occasional Customers
17770.0,1143.27,5,365,228.654,198,5,1143.27,1,Low Value Customers
17771.0,245.81,2,287,122.905,56,2,245.81,0,Occasional Customers
17772.0,173.45,2,55,86.725,10,2,173.45,0,Occasional Customers
17774.0,1213.73,4,508,303.4325,96,4,1213.73,0,Occasional Customers
17775.0,56.4,1,72,56.4,254,1,56.4,1,Low Value Customers
17777.0,647.56,3,501,215.85333333333332,24,3,647.56,0,Occasional Customers
17779.0,650.32,3,396,216.77333333333334,20,3,650.32,0,Occasional Customers
17781.0,188.02,2,34,94.01,158,2,188.02,1,Low Value Customers
17783.0,283.47,2,354,141.735,71,2,283.47,0,Occasional Customers
17785.0,131.94,1,67,131.94,52,1,131.94,0,Occasional Customers
17786.0,266.85,2,195,133.425,84,2,266.85,0,Occasional Customers
17787.0,1817.54,4,896,454.385,152,4,1817.54,1,Low Value Customers
17788.0,1117.9,2,211,558.95,73,2,1117.9,0,Occasional Customers
17789.0,225.9,1,74,225.9,280,1,225.9,1,Low Value Customers
17790.0,1964.3,14,835,140.30714285714285,26,14,1964.3,0,Occasional Customers
17791.0,106.1,1,46,106.1,29,1,106.1,0,Occasional Customers
17793.0,300.34,1,226,300.34,24,1,300.34,0,Occasional Customers
17795.0,342.83,2,305,171.415,179,2,342.83,1,Low Value Customers
17796.0,690.0,4,176,172.5,39,4,690.0,0,Occasional Customers
17797.0,780.43,3,498,260.1433333333333,21,3,780.43,0,Occasional Customers
17799.0,3039.17,10,1753,303.91700000000003,21,10,3039.17,0,Occasional Customers
17800.0,1187.21,9,732,131.91222222222223,36,9,1187.21,0,Occasional Customers
17802.0,1285.04,3,752,428.34666666666664,81,3,1285.04,0,Occasional Customers
17805.0,512.31,1,478,512.31,73,1,512.31,0,Occasional Customers
17806.0,546.04,1,727,546.04,10,1,546.04,0,Occasional Customers
17809.0,5411.91,12,2057,450.9925,15,12,5411.91,0,Occasional Customers
17811.0,7761.82,39,4146,199.02102564102563,3,39,7761.82,3,Regular Customers
17812.0,699.81,4,329,174.9525,12,4,699.81,0,Occasional Customers
17813.0,1698.07,5,752,339.614,13,5,1698.07,0,Occasional Customers
17816.0,36.56,4,30,9.14,36,4,36.56,0,Occasional Customers
17817.0,387.68,3,67,129.22666666666666,3,3,387.68,0,Occasional Customers
17819.0,3704.87,7,1031,529.2671428571429,71,7,3704.87,0,Occasional Customers
17824.0,298.4,1,408,298.4,50,1,298.4,0,Occasional Customers
17827.0,1987.33,5,1240,397.466,4,5,1987.33,0,Occasional Customers
17828.0,1820.09,4,667,455.0225,22,4,1820.09,0,Occasional Customers
17829.0,889.24,1,496,889.24,298,1,889.24,1,Low Value Customers
17830.0,398.7,3,92,132.9,1,3,398.7,0,Occasional Customers
17831.0,35.400000000000006,1,12,35.400000000000006,32,1,35.400000000000006,0,Occasional Customers
17832.0,155.37,1,208,155.37,49,1,155.37,0,Occasional Customers
17835.0,342.24,3,344,114.08,2,3,342.24,0,Occasional Customers
17836.0,110.21000000000001,1,88,110.21000000000001,46,1,110.21000000000001,0,Occasional Customers
17837.0,1541.23,8,510,192.65375,41,8,1541.23,0,Occasional Customers
17838.0,2720.8,5,1831,544.1600000000001,26,5,2720.8,0,Occasional Customers
17839.0,318.15,1,257,318.15,41,1,318.15,0,Occasional Customers
17841.0,40519.84,124,22834,326.77290322580643,1,124,40519.84,2,VIP Customers
17843.0,205.48,1,113,205.48,302,1,205.48,1,Low Value Customers
17844.0,51.559999999999995,1,52,51.559999999999995,106,1,51.559999999999995,0,Occasional Customers
17846.0,2033.1,1,1,2033.1,84,1,2033.1,0,Occasional Customers
17848.0,901.1999999999999,9,398,100.13333333333333,80,9,901.1999999999999,0,Occasional Customers
17849.0,605.8000000000001,4,114,151.45000000000002,217,4,605.8000000000001,1,Low Value Customers
17850.0,5391.21,34,1733,158.565,371,34,5391.21,3,Regular Customers
17852.0,114.34,2,53,57.17,11,2,114.34,0,Occasional Customers
17854.0,311.26,2,84,155.63,184,2,311.26,1,Low Value Customers
17855.0,208.97,1,197,208.97,372,1,208.97,1,Low Value Customers
17856.0,1418.03,4,842,354.5075,1,4,1418.03,0,Occasional Customers
17857.0,26879.04,23,19256,1168.6539130434783,3,23,26879.04,3,Regular Customers
17858.0,5140.66,12,2694,428.3883333333333,5,12,5140.66,0,Occasional Customers
17859.0,141.92000000000002,1,102,141.92000000000002,304,1,141.92000000000002,1,Low Value Customers
17860.0,226.45000000000002,1,93,226.45000000000002,368,1,226.45000000000002,1,Low Value Customers
17861.0,2097.88,8,1985,262.235,2,8,2097.88,0,Occasional Customers
17862.0,330.9,1,100,330.9,323,1,330.9,1,Low Value Customers
17863.0,3160.0,6,2638,526.6666666666666,58,6,3160.0,0,Occasional Customers
17864.0,554.85,3,706,184.95000000000002,12,3,554.85,0,Occasional Customers
17865.0,10526.32,20,5757,526.316,30,20,10526.32,3,Regular Customers
17866.0,329.65,1,174,329.65,142,1,329.65,1,Low Value Customers
17867.0,1157.8700000000001,6,508,192.97833333333335,29,6,1157.8700000000001,0,Occasional Customers
17869.0,428.18,5,111,85.636,106,5,428.18,0,Occasional Customers
17870.0,1865.89,12,1351,155.49083333333334,1,12,1865.89,0,Occasional Customers
17871.0,155.9,1,182,155.9,204,1,155.9,1,Low Value Customers
17873.0,1848.96,5,1035,369.79200000000003,79,5,1848.96,0,Occasional Customers
17874.0,683.46,6,221,113.91000000000001,184,6,683.46,1,Low Value Customers
17877.0,237.61,1,98,237.61,169,1,237.61,1,Low Value Customers
17878.0,379.45,1,401,379.45,43,1,379.45,0,Occasional Customers
17879.0,178.51999999999998,1,45,178.51999999999998,173,1,178.51999999999998,1,Low Value Customers
17880.0,458.92,1,314,458.92,364,1,458.92,1,Low Value Customers
17881.0,133.35000000000002,1,32,133.35000000000002,303,1,133.35000000000002,1,Low Value Customers
17883.0,664.34,4,374,166.085,2,4,664.34,0,Occasional Customers
17884.0,695.0699999999999,4,817,173.76749999999998,3,4,695.0699999999999,0,Occasional Customers
17885.0,156.34,1,110,156.34,11,1,156.34,0,Occasional Customers
17886.0,869.28,3,469,289.76,31,3,869.28,0,Occasional Customers
17887.0,111.35,1,30,111.35,128,1,111.35,0,Occasional Customers
17888.0,716.0,8,973,89.5,20,8,716.0,0,Occasional Customers
17889.0,201.37,2,77,100.685,211,2,201.37,1,Low Value Customers
17890.0,586.89,2,402,293.445,322,2,586.89,1,Low Value Customers
17891.0,203.85999999999999,1,393,203.85999999999999,161,1,203.85999999999999,1,Low Value Customers
17892.0,244.1,3,109,81.36666666666666,55,3,244.1,0,Occasional Customers
17893.0,107.21,1,149,107.21,224,1,107.21,1,Low Value Customers
17894.0,1118.96,8,404,139.87,71,8,1118.96,0,Occasional Customers
17895.0,95.45,1,127,95.45,43,1,95.45,0,Occasional Customers
17896.0,256.32,1,288,256.32,22,1,256.32,0,Occasional Customers
17897.0,541.8100000000001,3,222,180.60333333333335,172,3,541.8100000000001,1,Low Value Customers
17898.0,152.06,2,190,76.03,84,2,152.06,0,Occasional Customers
17899.0,154.55,1,170,154.55,158,1,154.55,1,Low Value Customers
17900.0,112.19999999999999,2,73,56.099999999999994,189,2,112.19999999999999,1,Low Value Customers
17901.0,110.38,1,24,110.38,28,1,110.38,0,Occasional Customers
17904.0,181.07,1,59,181.07,20,1,181.07,0,Occasional Customers
17905.0,798.99,4,406,199.7475,70,4,798.99,0,Occasional Customers
17906.0,72.9,1,26,72.9,246,1,72.9,1,Low Value Customers
17908.0,232.03,1,169,232.03,373,1,232.03,1,Low Value Customers
17911.0,366.23,1,223,366.23,8,1,366.23,0,Occasional Customers
17912.0,310.06,5,184,62.012,309,5,310.06,1,Low Value Customers
17913.0,408.65,2,288,204.325,58,2,408.65,0,Occasional Customers
17914.0,329.36,1,457,329.36,3,1,329.36,0,Occasional Customers
17917.0,335.03,3,184,111.67666666666666,44,3,335.03,0,Occasional Customers
17919.0,1304.04,1,756,1304.04,87,1,1304.04,0,Occasional Customers
17920.0,4119.5,17,2473,242.3235294117647,3,17,4119.5,3,Regular Customers
17921.0,820.23,4,425,205.0575,63,4,820.23,0,Occasional Customers
17923.0,207.50000000000003,1,50,207.50000000000003,281,1,207.50000000000003,1,Low Value Customers
17924.0,2962.5,7,1160,423.2142857142857,11,7,2962.5,0,Occasional Customers
17925.0,244.08,1,72,244.08,372,1,244.08,1,Low Value Customers
17926.0,397.29,2,306,198.645,132,2,397.29,0,Occasional Customers
17928.0,212.54,2,140,106.27,44,2,212.54,0,Occasional Customers
17929.0,843.0,4,108,210.75,10,4,843.0,0,Occasional Customers
17930.0,1740.48,5,1594,348.096,35,5,1740.48,0,Occasional Customers
17931.0,408.36,2,249,204.18,133,2,408.36,0,Occasional Customers
17932.0,1331.57,3,789,443.8566666666666,28,3,1331.57,0,Occasional Customers
17934.0,704.25,2,478,352.125,51,2,704.25,0,Occasional Customers
17935.0,145.79,2,82,72.895,137,2,145.79,0,Occasional Customers
17936.0,380.13,1,257,380.13,4,1,380.13,0,Occasional Customers
17937.0,4301.22,7,1754,614.46,8,7,4301.22,0,Occasional Customers
17939.0,99.14,1,40,99.14,159,1,99.14,1,Low Value Customers
17940.0,4020.04,10,9323,402.004,48,10,4020.04,0,Occasional Customers
17941.0,304.56,1,252,304.56,130,1,304.56,0,Occasional Customers
17942.0,77.50000000000001,1,38,77.50000000000001,7,1,77.50000000000001,0,Occasional Customers
17946.0,149.57999999999998,2,75,74.78999999999999,232,2,149.57999999999998,1,Low Value Customers
17947.0,176.68,1,168,176.68,36,1,176.68,0,Occasional Customers
17948.0,358.56000000000006,1,144,358.56000000000006,146,1,358.56000000000006,1,Low Value Customers
17949.0,58510.48,45,30546,1300.232888888889,0,45,58510.48,3,Regular Customers
17950.0,482.2,3,366,160.73333333333332,71,3,482.2,0,Occasional Customers
17951.0,1008.5400000000001,3,616,336.18,39,3,1008.5400000000001,0,Occasional Customers
17954.0,2314.13,12,2221,192.84416666666667,4,12,2314.13,0,Occasional Customers
17955.0,557.3,4,273,139.325,198,4,557.3,1,Low Value Customers
17956.0,12.75,1,1,12.75,248,1,12.75,1,Low Value Customers
17957.0,111.68,1,287,111.68,65,1,111.68,0,Occasional Customers
17958.0,508.4599999999999,1,84,508.4599999999999,116,1,508.4599999999999,0,Occasional Customers
17960.0,73.78,1,41,73.78,170,1,73.78,1,Low Value Customers
17961.0,1296.44,39,560,33.242051282051285,20,39,1296.44,3,Regular Customers
17962.0,102.41,1,127,102.41,141,1,102.41,0,Occasional Customers
17964.0,463.21,2,294,231.605,31,2,463.21,0,Occasional Customers
17965.0,2599.19,14,1532,185.65642857142856,37,14,2599.19,0,Occasional Customers
17966.0,1098.43,5,2571,219.686,37,5,1098.43,0,Occasional Customers
17967.0,112.27,1,73,112.27,371,1,112.27,1,Low Value Customers
17968.0,265.1,1,151,265.1,373,1,265.1,1,Low Value Customers
17969.0,228.2,2,152,114.1,165,2,228.2,1,Low Value Customers
17970.0,562.79,1,513,562.79,210,1,562.79,1,Low Value Customers
17972.0,135.19,1,36,135.19,241,1,135.19,1,Low Value Customers
17973.0,337.04,1,176,337.04,51,1,337.04,0,Occasional Customers
17974.0,703.99,3,500,234.66333333333333,24,3,703.99,0,Occasional Customers
17975.0,4483.26,13,1565,344.86615384615385,14,13,4483.26,0,Occasional Customers
17976.0,321.79,1,93,321.79,371,1,321.79,1,Low Value Customers
17977.0,288.14,1,342,288.14,28,1,288.14,0,Occasional Customers
17978.0,300.91999999999996,1,499,300.91999999999996,364,1,300.91999999999996,1,Low Value Customers
17979.0,732.41,4,383,183.1025,35,4,732.41,0,Occasional Customers
17980.0,811.45,3,682,270.48333333333335,165,3,811.45,1,Low Value Customers
17984.0,152.68,1,98,152.68,144,1,152.68,1,Low Value Customers
17985.0,631.35,1,171,631.35,21,1,631.35,0,Occasional Customers
17986.0,20.8,1,10,20.8,55,1,20.8,0,Occasional Customers
17987.0,198.57,1,261,198.57,184,1,198.57,1,Low Value Customers
17988.0,201.12,7,43,28.731428571428573,11,7,201.12,0,Occasional Customers
17990.0,630.84,3,414,210.28,236,3,630.84,1,Low Value Customers
17991.0,93.35,2,25,46.675,224,2,93.35,1,Low Value Customers
17994.0,674.89,4,495,168.7225,121,4,674.89,0,Occasional Customers
17995.0,76.1,1,133,76.1,281,1,76.1,1,Low Value Customers
17997.0,1962.46,8,2273,245.3075,73,8,1962.46,0,Occasional Customers
17999.0,380.39,2,219,190.195,36,2,380.39,0,Occasional Customers
18001.0,415.13,2,362,207.565,11,2,415.13,0,Occasional Customers
18004.0,157.92,1,75,157.92,361,1,157.92,1,Low Value Customers
18005.0,226.47,2,86,113.235,3,2,226.47,0,Occasional Customers
18006.0,444.68,1,220,444.68,22,1,444.68,0,Occasional Customers
18008.0,2116.19,9,1581,235.13222222222223,69,9,2116.19,0,Occasional Customers
18009.0,247.39,1,125,247.39,234,1,247.39,1,Low Value Customers
18010.0,174.8,1,60,174.8,256,1,174.8,1,Low Value Customers
18011.0,102.78999999999999,1,71,102.78999999999999,372,1,102.78999999999999,1,Low Value Customers
18013.0,187.29,2,285,93.645,154,2,187.29,1,Low Value Customers
18014.0,162.22,1,66,162.22,27,1,162.22,0,Occasional Customers
18015.0,120.03,1,157,120.03,3,1,120.03,0,Occasional Customers
18016.0,1477.66,5,1027,295.53200000000004,31,5,1477.66,0,Occasional Customers
18017.0,523.0,3,300,174.33333333333334,80,3,523.0,0,Occasional Customers
18018.0,122.14,2,55,61.07,107,2,122.14,0,Occasional Customers
18019.0,38.45,1,7,38.45,51,1,38.45,0,Occasional Customers
18022.0,612.72,1,703,612.72,35,1,612.72,0,Occasional Customers
18024.0,389.78,2,184,194.89,152,2,389.78,1,Low Value Customers
18027.0,115.31,1,78,115.31,98,1,115.31,0,Occasional Customers
18030.0,230.64999999999998,2,67,115.32499999999999,3,2,230.64999999999998,0,Occasional Customers
18032.0,73.5,1,42,73.5,333,1,73.5,1,Low Value Customers
18033.0,93.82000000000001,1,252,93.82000000000001,64,1,93.82000000000001,0,Occasional Customers
18034.0,418.68,2,559,209.34,21,2,418.68,0,Occasional Customers
18035.0,713.89,3,584,237.96333333333334,35,3,713.89,0,Occasional Customers
18036.0,403.12,3,232,134.37333333333333,31,3,403.12,0,Occasional Customers
18037.0,70.02,6,20,11.67,153,6,70.02,1,Low Value Customers
18040.0,357.20000000000005,2,148,178.60000000000002,18,2,357.20000000000005,0,Occasional Customers
18041.0,4097.37,21,3758,195.11285714285714,11,21,4097.37,3,Regular Customers
18042.0,165.04999999999998,1,33,165.04999999999998,53,1,165.04999999999998,0,Occasional Customers
18043.0,529.29,3,265,176.42999999999998,24,3,529.29,0,Occasional Customers
18044.0,2088.6,10,1033,208.85999999999999,3,10,2088.6,0,Occasional Customers
18045.0,178.34,1,138,178.34,44,1,178.34,0,Occasional Customers
18048.0,172.29000000000002,2,127,86.14500000000001,202,2,172.29000000000002,1,Low Value Customers
18050.0,74.4,1,40,74.4,358,1,74.4,1,Low Value Customers
18053.0,300.02,1,302,300.02,70,1,300.02,0,Occasional Customers
18055.0,6761.34,10,2452,676.134,6,10,6761.34,0,Occasional Customers
18056.0,363.65,1,211,363.65,287,1,363.65,1,Low Value Customers
18058.0,170.16,1,88,170.16,9,1,170.16,0,Occasional Customers
18059.0,306.46,3,258,102.15333333333332,22,3,306.46,0,Occasional Customers
18061.0,2119.41,10,955,211.94099999999997,21,10,2119.41,0,Occasional Customers
18062.0,720.52,3,396,240.17333333333332,172,3,720.52,1,Low Value Customers
18064.0,814.0,2,384,407.0,132,2,814.0,0,Occasional Customers
18065.0,2392.83,14,1027,170.91642857142855,5,14,2392.83,0,Occasional Customers
18066.0,318.0,1,108,318.0,74,1,318.0,0,Occasional Customers
18067.0,396.33,1,189,396.33,39,1,396.33,0,Occasional Customers
18068.0,101.69999999999999,1,6,101.69999999999999,288,1,101.69999999999999,1,Low Value Customers
18069.0,2009.24,5,1296,401.848,25,5,2009.24,0,Occasional Customers
18071.0,453.0,2,260,226.5,257,2,453.0,1,Low Value Customers
18072.0,247.44,1,288,247.44,185,1,247.44,1,Low Value Customers
18073.0,3859.82,12,3102,321.6516666666667,113,12,3859.82,0,Occasional Customers
18074.0,489.6,1,190,489.6,373,1,489.6,1,Low Value Customers
18075.0,2611.75,10,1464,261.175,22,10,2611.75,0,Occasional Customers
18077.0,2584.41,11,1839,234.94636363636363,7,11,2584.41,0,Occasional Customers
18078.0,336.13,2,145,168.065,216,2,336.13,1,Low Value Customers
18079.0,3613.15,4,7347,903.2875,44,4,3613.15,0,Occasional Customers
18080.0,1231.5,2,642,615.75,18,2,1231.5,0,Occasional Customers
18081.0,343.45,3,195,114.48333333333333,35,3,343.45,0,Occasional Customers
18082.0,680.84,1,608,680.84,25,1,680.84,0,Occasional Customers
18084.0,90.47999999999999,1,312,90.47999999999999,15,1,90.47999999999999,0,Occasional Customers
18085.0,689.95,2,265,344.975,329,2,689.95,1,Low Value Customers
18086.0,101.34,1,106,101.34,273,1,101.34,1,Low Value Customers
18087.0,4055.7199999999993,2,3907,2027.8599999999997,97,2,4055.7199999999993,0,Occasional Customers
18088.0,166.03,1,107,166.03,60,1,166.03,0,Occasional Customers
18092.0,9068.26,11,4252,824.3872727272727,1,11,9068.26,0,Occasional Customers
18093.0,2106.52,4,1392,526.63,92,4,2106.52,0,Occasional Customers
18094.0,3017.3,7,2518,431.04285714285714,81,7,3017.3,0,Occasional Customers
18095.0,580.0500000000001,2,419,290.02500000000003,312,2,580.0500000000001,1,Low Value Customers
18096.0,849.06,3,788,283.02,11,3,849.06,0,Occasional Customers
18097.0,2662.4,6,1662,443.73333333333335,7,6,2662.4,0,Occasional Customers
18099.0,168.31,1,149,168.31,126,1,168.31,0,Occasional Customers
18101.0,222.4,2,87,111.2,10,2,222.4,0,Occasional Customers
18102.0,259657.3,60,64124,4327.621666666667,0,60,259657.3,2,VIP Customers
18104.0,754.64,1,362,754.64,36,1,754.64,0,Occasional Customers
18105.0,113.48000000000002,1,46,113.48000000000002,37,1,113.48000000000002,0,Occasional Customers
18106.0,421.9,1,126,421.9,329,1,421.9,1,Low Value Customers
18108.0,271.0,1,84,271.0,253,1,271.0,1,Low Value Customers
18109.0,8004.92,26,4230,307.88153846153847,1,26,8004.92,3,Regular Customers
18110.0,198.8,1,72,198.8,19,1,198.8,0,Occasional Customers
18112.0,352.69,2,255,176.345,11,2,352.69,0,Occasional Customers
18113.0,76.32000000000001,1,72,76.32000000000001,368,1,76.32000000000001,1,Low Value Customers
18114.0,220.1,1,55,220.1,289,1,220.1,1,Low Value Customers
18116.0,1403.1100000000001,8,837,175.38875000000002,67,8,1403.1100000000001,0,Occasional Customers
18117.0,315.65,1,605,315.65,25,1,315.65,0,Occasional Customers
18118.0,5625.08,26,2865,216.34923076923076,10,26,5625.08,3,Regular Customers
18119.0,180.7,1,124,180.7,367,1,180.7,1,Low Value Customers
18120.0,111.15,1,31,111.15,213,1,111.15,1,Low Value Customers
18121.0,653.3,2,438,326.65,148,2,653.3,1,Low Value Customers
18122.0,1793.06,6,1225,298.8433333333333,7,6,1793.06,0,Occasional Customers
18123.0,574.4399999999999,2,582,287.21999999999997,23,2,574.4399999999999,0,Occasional Customers
18125.0,1131.75,4,800,282.9375,29,4,1131.75,0,Occasional Customers
18126.0,200.92000000000002,1,135,200.92000000000002,60,1,200.92000000000002,0,Occasional Customers
18127.0,347.08,3,187,115.69333333333333,18,3,347.08,0,Occasional Customers
18129.0,112.55000000000001,1,48,112.55000000000001,242,1,112.55000000000001,1,Low Value Customers
18130.0,1059.39,3,824,353.13000000000005,14,3,1059.39,0,Occasional Customers
18133.0,931.4999999999999,1,1350,931.4999999999999,211,1,931.4999999999999,1,Low Value Customers
18135.0,681.9100000000001,5,349,136.382,28,5,681.9100000000001,0,Occasional Customers
18136.0,784.33,3,379,261.4433333333333,62,3,784.33,0,Occasional Customers
18138.0,152.65,1,38,152.65,294,1,152.65,1,Low Value Customers
18139.0,8438.34,6,5557,1406.39,17,6,8438.34,0,Occasional Customers
18142.0,1019.52,2,1276,509.76,156,2,1019.52,1,Low Value Customers
18143.0,1000.16,2,570,500.08,116,2,1000.16,0,Occasional Customers
18144.0,2888.75,12,1343,240.72916666666666,7,12,2888.75,0,Occasional Customers
18145.0,2861.55,4,2625,715.3875,12,4,2861.55,0,Occasional Customers
18146.0,160.35000000000002,2,153,80.17500000000001,140,2,160.35000000000002,0,Occasional Customers
18147.0,179.33999999999997,2,203,89.66999999999999,45,2,179.33999999999997,0,Occasional Customers
18149.0,612.0799999999999,3,310,204.02666666666664,50,3,612.0799999999999,0,Occasional Customers
18150.0,566.58,3,332,188.86,31,3,566.58,0,Occasional Customers
18151.0,653.35,2,355,326.675,134,2,653.35,0,Occasional Customers
18154.0,399.19,2,255,199.595,2,2,399.19,0,Occasional Customers
18155.0,371.62,3,266,123.87333333333333,74,3,371.62,0,Occasional Customers
18156.0,675.64,2,283,337.82,12,2,675.64,0,Occasional Customers
18158.0,453.4,2,354,226.7,8,2,453.4,0,Occasional Customers
18159.0,530.15,1,139,530.15,300,1,530.15,1,Low Value Customers
18160.0,638.0600000000001,2,294,319.03000000000003,56,2,638.0600000000001,0,Occasional Customers
18161.0,1618.69,5,812,323.738,14,5,1618.69,0,Occasional Customers
18164.0,399.65000000000003,1,184,399.65000000000003,36,1,399.65000000000003,0,Occasional Customers
18165.0,302.46000000000004,1,254,302.46000000000004,176,1,302.46000000000004,1,Low Value Customers
18167.0,1384.8600000000001,3,382,461.62000000000006,22,3,1384.8600000000001,0,Occasional Customers
18168.0,1160.04,6,592,193.34,175,6,1160.04,1,Low Value Customers
18169.0,202.65,1,61,202.65,60,1,202.65,0,Occasional Customers
18170.0,980.31,3,409,326.77,32,3,980.31,0,Occasional Customers
18171.0,1231.31,5,481,246.262,58,5,1231.31,0,Occasional Customers
18172.0,7561.68,20,3184,378.084,14,20,7561.68,3,Regular Customers
18173.0,2106.84,4,1220,526.71,86,4,2106.84,0,Occasional Customers
18174.0,104.0,1,50,104.0,6,1,104.0,0,Occasional Customers
18176.0,476.35,1,283,476.35,357,1,476.35,1,Low Value Customers
18177.0,1340.8700000000001,6,709,223.47833333333335,30,6,1340.8700000000001,0,Occasional Customers
18178.0,1590.81,4,983,397.7025,128,4,1590.81,0,Occasional Customers
18179.0,1793.17,6,1360,298.8616666666667,8,6,1793.17,0,Occasional Customers
18180.0,1843.75,6,1721,307.2916666666667,4,6,1843.75,0,Occasional Customers
18181.0,366.85,1,133,366.85,23,1,366.85,0,Occasional Customers
18183.0,632.07,2,371,316.035,226,2,632.07,1,Low Value Customers
18184.0,49.8,1,60,49.8,14,1,49.8,0,Occasional Customers
18185.0,304.25,1,183,304.25,248,1,304.25,1,Low Value Customers
18188.0,2001.04,3,1168,667.0133333333333,14,3,2001.04,0,Occasional Customers
18189.0,1090.24,2,566,545.12,77,2,1090.24,0,Occasional Customers
18190.0,284.46000000000004,2,140,142.23000000000002,191,2,284.46000000000004,1,Low Value Customers
18191.0,207.79999999999998,1,140,207.79999999999998,261,1,207.79999999999998,1,Low Value Customers
18192.0,957.97,1,339,957.97,71,1,957.97,0,Occasional Customers
18193.0,243.76,1,124,243.76,164,1,243.76,1,Low Value Customers
18194.0,973.8399999999999,1,632,973.8399999999999,81,1,973.8399999999999,0,Occasional Customers
18196.0,686.63,2,431,343.315,94,2,686.63,0,Occasional Customers
18198.0,5425.56,17,4074,319.15058823529415,3,17,5425.56,3,Regular Customers
18200.0,150.35,1,104,150.35,105,1,150.35,0,Occasional Customers
18202.0,1396.99,3,581,465.66333333333336,199,3,1396.99,1,Low Value Customers
18203.0,160.42000000000002,1,43,160.42000000000002,156,1,160.42000000000002,1,Low Value Customers
18204.0,1975.35,3,1190,658.4499999999999,70,3,1975.35,0,Occasional Customers
18205.0,517.36,2,192,258.68,35,2,517.36,0,Occasional Customers
18209.0,139.10000000000002,1,58,139.10000000000002,28,1,139.10000000000002,0,Occasional Customers
18210.0,2621.38,6,1398,436.8966666666667,1,6,2621.38,0,Occasional Customers
18211.0,600.07,5,359,120.01400000000001,25,5,600.07,0,Occasional Customers
18212.0,216.07,1,92,216.07,325,1,216.07,1,Low Value Customers
18213.0,232.48000000000002,1,232,232.48000000000002,236,1,232.48000000000002,1,Low Value Customers
18215.0,299.34000000000003,1,118,299.34000000000003,88,1,299.34000000000003,0,Occasional Customers
18216.0,481.75,1,200,481.75,30,1,481.75,0,Occasional Customers
18217.0,621.75,2,491,310.875,28,2,621.75,0,Occasional Customers
18218.0,641.92,2,536,320.96,210,2,641.92,1,Low Value Customers
18219.0,2069.77,10,885,206.977,2,10,2069.77,0,Occasional Customers
18220.0,305.28000000000003,1,288,305.28000000000003,226,1,305.28000000000003,1,Low Value Customers
18221.0,1041.61,5,791,208.32199999999997,21,5,1041.61,0,Occasional Customers
18222.0,443.0,1,335,443.0,92,1,443.0,0,Occasional Customers
18223.0,6484.54,14,2948,463.18142857142857,4,14,6484.54,3,Regular Customers
18224.0,158.95000000000002,1,69,158.95000000000002,263,1,158.95000000000002,1,Low Value Customers
18225.0,5504.96,12,3242,458.74666666666667,2,12,5504.96,0,Occasional Customers
18226.0,5228.05,11,3466,475.27727272727276,43,11,5228.05,0,Occasional Customers
18227.0,93.75,1,21,93.75,217,1,93.75,1,Low Value Customers
18228.0,779.9,2,238,389.95,56,2,779.9,0,Occasional Customers
18229.0,7276.900000000001,20,2488,363.845,11,20,7276.900000000001,3,Regular Customers
18230.0,2810.2000000000003,7,1316,401.4571428571429,8,7,2810.2000000000003,0,Occasional Customers
18231.0,2071.77,5,819,414.354,191,5,2071.77,1,Low Value Customers
18232.0,592.97,4,302,148.2425,81,4,592.97,0,Occasional Customers
18233.0,440.0,1,4,440.0,325,1,440.0,1,Low Value Customers
18235.0,1796.48,3,1578,598.8266666666667,71,3,1796.48,0,Occasional Customers
18236.0,882.24,6,403,147.04,29,6,882.24,0,Occasional Customers
18237.0,987.1,5,622,197.42000000000002,2,5,987.1,0,Occasional Customers
18239.0,1561.6100000000001,5,795,312.322,218,5,1561.6100000000001,1,Low Value Customers
18240.0,422.58,1,126,422.58,45,1,422.58,0,Occasional Customers
18241.0,2073.09,17,1051,121.9464705882353,9,17,2073.09,3,Regular Customers
18242.0,2232.4900000000002,4,1017,558.1225000000001,71,4,2232.4900000000002,0,Occasional Customers
18245.0,2567.06,7,1788,366.72285714285715,6,7,2567.06,0,Occasional Customers
18246.0,596.1,2,166,298.05,23,2,596.1,0,Occasional Customers
18248.0,804.02,2,511,402.01,122,2,804.02,0,Occasional Customers
18249.0,95.34,1,128,95.34,16,1,95.34,0,Occasional Customers
18250.0,349.27,1,199,349.27,309,1,349.27,1,Low Value Customers
18251.0,4314.72,1,7824,4314.72,86,1,4314.72,0,Occasional Customers
18252.0,518.27,2,234,259.135,50,2,518.27,0,Occasional Customers
18255.0,103.3,1,74,103.3,88,1,103.3,0,Occasional Customers
18257.0,2337.63,8,1041,292.20375,38,8,2337.63,0,Occasional Customers
18259.0,2338.6000000000004,3,714,779.5333333333334,24,3,2338.6000000000004,0,Occasional Customers
18260.0,2628.35,6,1475,438.05833333333334,172,6,2628.35,1,Low Value Customers
18261.0,324.24,2,146,162.12,42,2,324.24,0,Occasional Customers
18262.0,149.48,1,182,149.48,139,1,149.48,0,Occasional Customers
18263.0,1213.1599999999999,3,1468,404.3866666666666,25,3,1213.1599999999999,0,Occasional Customers
18265.0,801.51,2,311,400.755,71,2,801.51,0,Occasional Customers
18268.0,25.5,1,2,25.5,133,1,25.5,0,Occasional Customers
18269.0,168.6,1,76,168.6,365,1,168.6,1,Low Value Customers
18270.0,283.15,2,101,141.575,37,2,283.15,0,Occasional Customers
18272.0,3078.58,6,2050,513.0966666666667,2,6,3078.58,0,Occasional Customers
18273.0,204.0,3,80,68.0,1,3,204.0,0,Occasional Customers
18274.0,175.92,1,88,175.92,29,1,175.92,0,Occasional Customers
18276.0,335.86,1,186,335.86,43,1,335.86,0,Occasional Customers
18277.0,110.38,1,68,110.38,57,1,110.38,0,Occasional Customers
18278.0,173.9,1,66,173.9,73,1,173.9,0,Occasional Customers
18280.0,180.60000000000002,1,45,180.60000000000002,277,1,180.60000000000002,1,Low Value Customers
18281.0,80.82,1,54,80.82,180,1,80.82,1,Low Value Customers
18282.0,178.05,2,103,89.025,7,2,178.05,0,Occasional Customers
18283.0,2045.53,16,1357,127.845625,3,16,2045.53,3,Regular Customers
18287.0,1837.28,3,1586,612.4266666666666,42,3,1837.28,0,Occasional Customers
